This is pdfTeX, Version 3.141592653-2.6-1.40.28 (TeX Live 2025) (preloaded format=pdflatex 2025.7.2)  2 JUL 2025 12:11
entering extended mode
 restricted \write18 enabled.
 %&-line parsing enabled.
**Slides_Induktive_Statistik.tex
(./Slides_Induktive_Statistik.tex
LaTeX2e <2025-06-01> patch level 1
L3 programming layer <2025-06-09>
(c:/Users/Vineet.Dairashri/AppData/Roaming/TinyTeX/texmf-dist/tex/latex/beamer/beamer.cls
Document Class: beamer 2025/06/15 v3.74 A class for typesetting presentations
(c:/Users/Vineet.Dairashri/AppData/Roaming/TinyTeX/texmf-dist/tex/latex/beamer/beamerbasemodes.sty (c:/Users/Vineet.Dairashri/AppData/Roaming/TinyTeX/texmf-dist/tex/latex/etoolbox/etoolbox.sty
Package: etoolbox 2025/02/11 v2.5l e-TeX tools for LaTeX (JAW)
\etb@tempcnta=\count275
)
\beamer@tempbox=\box53
\beamer@tempcount=\count276
\c@beamerpauses=\count277
(c:/Users/Vineet.Dairashri/AppData/Roaming/TinyTeX/texmf-dist/tex/latex/beamer/beamerbasedecode.sty
\beamer@slideinframe=\count278
\beamer@minimum=\count279
\beamer@decode@box=\box54
)
\beamer@commentbox=\box55
\beamer@modecount=\count280
) (c:/Users/Vineet.Dairashri/AppData/Roaming/TinyTeX/texmf-dist/tex/generic/iftex/iftex.sty
Package: iftex 2024/12/12 v1.0g TeX engine tests
)
\headdp=\dimen148
\footheight=\dimen149
\sidebarheight=\dimen150
\beamer@tempdim=\dimen151
\beamer@finalheight=\dimen152
\beamer@animht=\dimen153
\beamer@animdp=\dimen154
\beamer@animwd=\dimen155
\beamer@leftmargin=\dimen156
\beamer@rightmargin=\dimen157
\beamer@leftsidebar=\dimen158
\beamer@rightsidebar=\dimen159
\beamer@boxsize=\dimen160
\beamer@vboxoffset=\dimen161
\beamer@descdefault=\dimen162
\beamer@descriptionwidth=\dimen163
\beamer@lastskip=\skip49
\beamer@areabox=\box56
\beamer@animcurrent=\box57
\beamer@animshowbox=\box58
\beamer@sectionbox=\box59
\beamer@logobox=\box60
\beamer@linebox=\box61
\beamer@sectioncount=\count281
\beamer@subsubsectionmax=\count282
\beamer@subsectionmax=\count283
\beamer@sectionmax=\count284
\beamer@totalheads=\count285
\beamer@headcounter=\count286
\beamer@partstartpage=\count287
\beamer@sectionstartpage=\count288
\beamer@subsectionstartpage=\count289
\beamer@animationtempa=\count290
\beamer@animationtempb=\count291
\beamer@xpos=\count292
\beamer@ypos=\count293
\beamer@ypos@offset=\count294
\beamer@showpartnumber=\count295
\beamer@currentsubsection=\count296
\beamer@coveringdepth=\count297
\beamer@sectionadjust=\count298
\beamer@toclastsection=\count299
\beamer@tocsectionnumber=\count300
(c:/Users/Vineet.Dairashri/AppData/Roaming/TinyTeX/texmf-dist/tex/latex/beamer/beamerbaseoptions.sty (c:/Users/Vineet.Dairashri/AppData/Roaming/TinyTeX/texmf-dist/tex/latex/graphics/keyval.sty
Package: keyval 2022/05/29 v1.15 key=value parser (DPC)
\KV@toks@=\toks17
))
\beamer@paperwidth=\skip50
\beamer@paperheight=\skip51
(c:/Users/Vineet.Dairashri/AppData/Roaming/TinyTeX/texmf-dist/tex/latex/geometry/geometry.sty
Package: geometry 2020/01/02 v5.9 Page Geometry
(c:/Users/Vineet.Dairashri/AppData/Roaming/TinyTeX/texmf-dist/tex/generic/iftex/ifvtex.sty
Package: ifvtex 2019/10/25 v1.7 ifvtex legacy package. Use iftex instead.
)
\Gm@cnth=\count301
\Gm@cntv=\count302
\c@Gm@tempcnt=\count303
\Gm@bindingoffset=\dimen164
\Gm@wd@mp=\dimen165
\Gm@odd@mp=\dimen166
\Gm@even@mp=\dimen167
\Gm@layoutwidth=\dimen168
\Gm@layoutheight=\dimen169
\Gm@layouthoffset=\dimen170
\Gm@layoutvoffset=\dimen171
\Gm@dimlist=\toks18
) (c:/Users/Vineet.Dairashri/AppData/Roaming/TinyTeX/texmf-dist/tex/latex/pgf/math/pgfmath.sty (c:/Users/Vineet.Dairashri/AppData/Roaming/TinyTeX/texmf-dist/tex/latex/pgf/utilities/pgfrcs.sty (c:/Users/Vineet.Dairashri/AppData/Roaming/TinyTeX/texmf-dist/tex/generic/pgf/utilities/pgfutil-common.tex
\pgfutil@everybye=\toks19
\pgfutil@tempdima=\dimen172
\pgfutil@tempdimb=\dimen173
) (c:/Users/Vineet.Dairashri/AppData/Roaming/TinyTeX/texmf-dist/tex/generic/pgf/utilities/pgfutil-latex.def
\pgfutil@abb=\box62
) (c:/Users/Vineet.Dairashri/AppData/Roaming/TinyTeX/texmf-dist/tex/generic/pgf/utilities/pgfrcs.code.tex (c:/Users/Vineet.Dairashri/AppData/Roaming/TinyTeX/texmf-dist/tex/generic/pgf/pgf.revision.tex)
Package: pgfrcs 2023-01-15 v3.1.10 (3.1.10)
)) (c:/Users/Vineet.Dairashri/AppData/Roaming/TinyTeX/texmf-dist/tex/latex/pgf/utilities/pgfkeys.sty (c:/Users/Vineet.Dairashri/AppData/Roaming/TinyTeX/texmf-dist/tex/generic/pgf/utilities/pgfkeys.code.tex
\pgfkeys@pathtoks=\toks20
\pgfkeys@temptoks=\toks21
(c:/Users/Vineet.Dairashri/AppData/Roaming/TinyTeX/texmf-dist/tex/generic/pgf/utilities/pgfkeyslibraryfiltered.code.tex
\pgfkeys@tmptoks=\toks22
))) (c:/Users/Vineet.Dairashri/AppData/Roaming/TinyTeX/texmf-dist/tex/generic/pgf/math/pgfmath.code.tex (c:/Users/Vineet.Dairashri/AppData/Roaming/TinyTeX/texmf-dist/tex/generic/pgf/math/pgfmathutil.code.tex
\pgf@x=\dimen174
\pgf@xa=\dimen175
\pgf@xb=\dimen176
\pgf@xc=\dimen177
\pgf@y=\dimen178
\pgf@ya=\dimen179
\pgf@yb=\dimen180
\pgf@yc=\dimen181
\c@pgf@counta=\count304
\c@pgf@countb=\count305
\c@pgf@countc=\count306
\c@pgf@countd=\count307
) (c:/Users/Vineet.Dairashri/AppData/Roaming/TinyTeX/texmf-dist/tex/generic/pgf/math/pgfmathparser.code.tex
\pgfmath@dimen=\dimen182
\pgfmath@count=\count308
\pgfmath@box=\box63
\pgfmath@toks=\toks23
\pgfmath@stack@operand=\toks24
\pgfmath@stack@operation=\toks25
) (c:/Users/Vineet.Dairashri/AppData/Roaming/TinyTeX/texmf-dist/tex/generic/pgf/math/pgfmathfunctions.code.tex) (c:/Users/Vineet.Dairashri/AppData/Roaming/TinyTeX/texmf-dist/tex/generic/pgf/math/pgfmathfunctions.basic.code.tex) (c:/Users/Vineet.Dairashri/AppData/Roaming/TinyTeX/texmf-dist/tex/generic/pgf/math/pgfmathfunctions.trigonometric.code.tex) (c:/Users/Vineet.Dairashri/AppData/Roaming/TinyTeX/texmf-dist/tex/generic/pgf/math/pgfmathfunctions.random.code.tex) (c:/Users/Vineet.Dairashri/AppData/Roaming/TinyTeX/texmf-dist/tex/generic/pgf/math/pgfmathfunctions.comparison.code.tex) (c:/Users/Vineet.Dairashri/AppData/Roaming/TinyTeX/texmf-dist/tex/generic/pgf/math/pgfmathfunctions.base.code.tex) (c:/Users/Vineet.Dairashri/AppData/Roaming/TinyTeX/texmf-dist/tex/generic/pgf/math/pgfmathfunctions.round.code.tex) (c:/Users/Vineet.Dairashri/AppData/Roaming/TinyTeX/texmf-dist/tex/generic/pgf/math/pgfmathfunctions.misc.code.tex) (c:/Users/Vineet.Dairashri/AppData/Roaming/TinyTeX/texmf-dist/tex/generic/pgf/math/pgfmathfunctions.integerarithmetics.code.tex) (c:/Users/Vineet.Dairashri/AppData/Roaming/TinyTeX/texmf-dist/tex/generic/pgf/math/pgfmathcalc.code.tex) (c:/Users/Vineet.Dairashri/AppData/Roaming/TinyTeX/texmf-dist/tex/generic/pgf/math/pgfmathfloat.code.tex
\c@pgfmathroundto@lastzeros=\count309
))) (c:/Users/Vineet.Dairashri/AppData/Roaming/TinyTeX/texmf-dist/tex/latex/base/size10.clo
File: size10.clo 2025/01/22 v1.4n Standard LaTeX file (size option)
) (c:/Users/Vineet.Dairashri/AppData/Roaming/TinyTeX/texmf-dist/tex/latex/pgf/basiclayer/pgfcore.sty (c:/Users/Vineet.Dairashri/AppData/Roaming/TinyTeX/texmf-dist/tex/latex/graphics/graphicx.sty
Package: graphicx 2024/12/31 v1.2e Enhanced LaTeX Graphics (DPC,SPQR)
(c:/Users/Vineet.Dairashri/AppData/Roaming/TinyTeX/texmf-dist/tex/latex/graphics/graphics.sty
Package: graphics 2024/08/06 v1.4g Standard LaTeX Graphics (DPC,SPQR)
(c:/Users/Vineet.Dairashri/AppData/Roaming/TinyTeX/texmf-dist/tex/latex/graphics/trig.sty
Package: trig 2023/12/02 v1.11 sin cos tan (DPC)
) (c:/Users/Vineet.Dairashri/AppData/Roaming/TinyTeX/texmf-dist/tex/latex/graphics-cfg/graphics.cfg
File: graphics.cfg 2016/06/04 v1.11 sample graphics configuration
)
Package graphics Info: Driver file: pdftex.def on input line 106.
(c:/Users/Vineet.Dairashri/AppData/Roaming/TinyTeX/texmf-dist/tex/latex/graphics-def/pdftex.def
File: pdftex.def 2024/04/13 v1.2c Graphics/color driver for pdftex
))
\Gin@req@height=\dimen183
\Gin@req@width=\dimen184
) (c:/Users/Vineet.Dairashri/AppData/Roaming/TinyTeX/texmf-dist/tex/latex/pgf/systemlayer/pgfsys.sty (c:/Users/Vineet.Dairashri/AppData/Roaming/TinyTeX/texmf-dist/tex/generic/pgf/systemlayer/pgfsys.code.tex
Package: pgfsys 2023-01-15 v3.1.10 (3.1.10)
\pgf@x=\dimen185
\pgf@y=\dimen186
\pgf@xa=\dimen187
\pgf@ya=\dimen188
\pgf@xb=\dimen189
\pgf@yb=\dimen190
\pgf@xc=\dimen191
\pgf@yc=\dimen192
\pgf@xd=\dimen193
\pgf@yd=\dimen194
\w@pgf@writea=\write3
\r@pgf@reada=\read2
\c@pgf@counta=\count310
\c@pgf@countb=\count311
\c@pgf@countc=\count312
\c@pgf@countd=\count313
\t@pgf@toka=\toks26
\t@pgf@tokb=\toks27
\t@pgf@tokc=\toks28
\pgf@sys@id@count=\count314
(c:/Users/Vineet.Dairashri/AppData/Roaming/TinyTeX/texmf-dist/tex/generic/pgf/systemlayer/pgf.cfg
File: pgf.cfg 2023-01-15 v3.1.10 (3.1.10)
)
Driver file for pgf: pgfsys-pdftex.def
(c:/Users/Vineet.Dairashri/AppData/Roaming/TinyTeX/texmf-dist/tex/generic/pgf/systemlayer/pgfsys-pdftex.def
File: pgfsys-pdftex.def 2023-01-15 v3.1.10 (3.1.10)
(c:/Users/Vineet.Dairashri/AppData/Roaming/TinyTeX/texmf-dist/tex/generic/pgf/systemlayer/pgfsys-common-pdf.def
File: pgfsys-common-pdf.def 2023-01-15 v3.1.10 (3.1.10)
))) (c:/Users/Vineet.Dairashri/AppData/Roaming/TinyTeX/texmf-dist/tex/generic/pgf/systemlayer/pgfsyssoftpath.code.tex
File: pgfsyssoftpath.code.tex 2023-01-15 v3.1.10 (3.1.10)
\pgfsyssoftpath@smallbuffer@items=\count315
\pgfsyssoftpath@bigbuffer@items=\count316
) (c:/Users/Vineet.Dairashri/AppData/Roaming/TinyTeX/texmf-dist/tex/generic/pgf/systemlayer/pgfsysprotocol.code.tex
File: pgfsysprotocol.code.tex 2023-01-15 v3.1.10 (3.1.10)
)) (c:/Users/Vineet.Dairashri/AppData/Roaming/TinyTeX/texmf-dist/tex/latex/xcolor/xcolor.sty
Package: xcolor 2024/09/29 v3.02 LaTeX color extensions (UK)
(c:/Users/Vineet.Dairashri/AppData/Roaming/TinyTeX/texmf-dist/tex/latex/graphics-cfg/color.cfg
File: color.cfg 2016/01/02 v1.6 sample color configuration
)
Package xcolor Info: Driver file: pdftex.def on input line 274.
(c:/Users/Vineet.Dairashri/AppData/Roaming/TinyTeX/texmf-dist/tex/latex/graphics/mathcolor.ltx)
Package xcolor Info: Model `cmy' substituted by `cmy0' on input line 1349.
Package xcolor Info: Model `hsb' substituted by `rgb' on input line 1353.
Package xcolor Info: Model `RGB' extended on input line 1365.
Package xcolor Info: Model `HTML' substituted by `rgb' on input line 1367.
Package xcolor Info: Model `Hsb' substituted by `hsb' on input line 1368.
Package xcolor Info: Model `tHsb' substituted by `hsb' on input line 1369.
Package xcolor Info: Model `HSB' substituted by `hsb' on input line 1370.
Package xcolor Info: Model `Gray' substituted by `gray' on input line 1371.
Package xcolor Info: Model `wave' substituted by `hsb' on input line 1372.
) (c:/Users/Vineet.Dairashri/AppData/Roaming/TinyTeX/texmf-dist/tex/generic/pgf/basiclayer/pgfcore.code.tex
Package: pgfcore 2023-01-15 v3.1.10 (3.1.10)
(c:/Users/Vineet.Dairashri/AppData/Roaming/TinyTeX/texmf-dist/tex/generic/pgf/math/pgfint.code.tex) (c:/Users/Vineet.Dairashri/AppData/Roaming/TinyTeX/texmf-dist/tex/generic/pgf/basiclayer/pgfcorepoints.code.tex
File: pgfcorepoints.code.tex 2023-01-15 v3.1.10 (3.1.10)
\pgf@picminx=\dimen195
\pgf@picmaxx=\dimen196
\pgf@picminy=\dimen197
\pgf@picmaxy=\dimen198
\pgf@pathminx=\dimen199
\pgf@pathmaxx=\dimen256
\pgf@pathminy=\dimen257
\pgf@pathmaxy=\dimen258
\pgf@xx=\dimen259
\pgf@xy=\dimen260
\pgf@yx=\dimen261
\pgf@yy=\dimen262
\pgf@zx=\dimen263
\pgf@zy=\dimen264
) (c:/Users/Vineet.Dairashri/AppData/Roaming/TinyTeX/texmf-dist/tex/generic/pgf/basiclayer/pgfcorepathconstruct.code.tex
File: pgfcorepathconstruct.code.tex 2023-01-15 v3.1.10 (3.1.10)
\pgf@path@lastx=\dimen265
\pgf@path@lasty=\dimen266
) (c:/Users/Vineet.Dairashri/AppData/Roaming/TinyTeX/texmf-dist/tex/generic/pgf/basiclayer/pgfcorepathusage.code.tex
File: pgfcorepathusage.code.tex 2023-01-15 v3.1.10 (3.1.10)
\pgf@shorten@end@additional=\dimen267
\pgf@shorten@start@additional=\dimen268
) (c:/Users/Vineet.Dairashri/AppData/Roaming/TinyTeX/texmf-dist/tex/generic/pgf/basiclayer/pgfcorescopes.code.tex
File: pgfcorescopes.code.tex 2023-01-15 v3.1.10 (3.1.10)
\pgfpic=\box64
\pgf@hbox=\box65
\pgf@layerbox@main=\box66
\pgf@picture@serial@count=\count317
) (c:/Users/Vineet.Dairashri/AppData/Roaming/TinyTeX/texmf-dist/tex/generic/pgf/basiclayer/pgfcoregraphicstate.code.tex
File: pgfcoregraphicstate.code.tex 2023-01-15 v3.1.10 (3.1.10)
\pgflinewidth=\dimen269
) (c:/Users/Vineet.Dairashri/AppData/Roaming/TinyTeX/texmf-dist/tex/generic/pgf/basiclayer/pgfcoretransformations.code.tex
File: pgfcoretransformations.code.tex 2023-01-15 v3.1.10 (3.1.10)
\pgf@pt@x=\dimen270
\pgf@pt@y=\dimen271
\pgf@pt@temp=\dimen272
) (c:/Users/Vineet.Dairashri/AppData/Roaming/TinyTeX/texmf-dist/tex/generic/pgf/basiclayer/pgfcorequick.code.tex
File: pgfcorequick.code.tex 2023-01-15 v3.1.10 (3.1.10)
) (c:/Users/Vineet.Dairashri/AppData/Roaming/TinyTeX/texmf-dist/tex/generic/pgf/basiclayer/pgfcoreobjects.code.tex
File: pgfcoreobjects.code.tex 2023-01-15 v3.1.10 (3.1.10)
) (c:/Users/Vineet.Dairashri/AppData/Roaming/TinyTeX/texmf-dist/tex/generic/pgf/basiclayer/pgfcorepathprocessing.code.tex
File: pgfcorepathprocessing.code.tex 2023-01-15 v3.1.10 (3.1.10)
) (c:/Users/Vineet.Dairashri/AppData/Roaming/TinyTeX/texmf-dist/tex/generic/pgf/basiclayer/pgfcorearrows.code.tex
File: pgfcorearrows.code.tex 2023-01-15 v3.1.10 (3.1.10)
\pgfarrowsep=\dimen273
) (c:/Users/Vineet.Dairashri/AppData/Roaming/TinyTeX/texmf-dist/tex/generic/pgf/basiclayer/pgfcoreshade.code.tex
File: pgfcoreshade.code.tex 2023-01-15 v3.1.10 (3.1.10)
\pgf@max=\dimen274
\pgf@sys@shading@range@num=\count318
\pgf@shadingcount=\count319
) (c:/Users/Vineet.Dairashri/AppData/Roaming/TinyTeX/texmf-dist/tex/generic/pgf/basiclayer/pgfcoreimage.code.tex
File: pgfcoreimage.code.tex 2023-01-15 v3.1.10 (3.1.10)
) (c:/Users/Vineet.Dairashri/AppData/Roaming/TinyTeX/texmf-dist/tex/generic/pgf/basiclayer/pgfcoreexternal.code.tex
File: pgfcoreexternal.code.tex 2023-01-15 v3.1.10 (3.1.10)
\pgfexternal@startupbox=\box67
) (c:/Users/Vineet.Dairashri/AppData/Roaming/TinyTeX/texmf-dist/tex/generic/pgf/basiclayer/pgfcorelayers.code.tex
File: pgfcorelayers.code.tex 2023-01-15 v3.1.10 (3.1.10)
) (c:/Users/Vineet.Dairashri/AppData/Roaming/TinyTeX/texmf-dist/tex/generic/pgf/basiclayer/pgfcoretransparency.code.tex
File: pgfcoretransparency.code.tex 2023-01-15 v3.1.10 (3.1.10)
) (c:/Users/Vineet.Dairashri/AppData/Roaming/TinyTeX/texmf-dist/tex/generic/pgf/basiclayer/pgfcorepatterns.code.tex
File: pgfcorepatterns.code.tex 2023-01-15 v3.1.10 (3.1.10)
) (c:/Users/Vineet.Dairashri/AppData/Roaming/TinyTeX/texmf-dist/tex/generic/pgf/basiclayer/pgfcorerdf.code.tex
File: pgfcorerdf.code.tex 2023-01-15 v3.1.10 (3.1.10)
))) (c:/Users/Vineet.Dairashri/AppData/Roaming/TinyTeX/texmf-dist/tex/latex/pgf/utilities/xxcolor.sty
Package: xxcolor 2003/10/24 ver 0.1
\XC@nummixins=\count320
\XC@countmixins=\count321
) (c:/Users/Vineet.Dairashri/AppData/Roaming/TinyTeX/texmf-dist/tex/latex/base/atbegshi-ltx.sty
Package: atbegshi-ltx 2021/01/10 v1.0c Emulation of the original atbegshi
package with kernel methods
) (c:/Users/Vineet.Dairashri/AppData/Roaming/TinyTeX/texmf-dist/tex/latex/hyperref/hyperref.sty
Package: hyperref 2025-06-21 v7.01n Hypertext links for LaTeX
(c:/Users/Vineet.Dairashri/AppData/Roaming/TinyTeX/texmf-dist/tex/latex/kvsetkeys/kvsetkeys.sty
Package: kvsetkeys 2022-10-05 v1.19 Key value parser (HO)
) (c:/Users/Vineet.Dairashri/AppData/Roaming/TinyTeX/texmf-dist/tex/generic/kvdefinekeys/kvdefinekeys.sty
Package: kvdefinekeys 2019-12-19 v1.6 Define keys (HO)
) (c:/Users/Vineet.Dairashri/AppData/Roaming/TinyTeX/texmf-dist/tex/generic/pdfescape/pdfescape.sty
Package: pdfescape 2019/12/09 v1.15 Implements pdfTeX's escape features (HO)
(c:/Users/Vineet.Dairashri/AppData/Roaming/TinyTeX/texmf-dist/tex/generic/ltxcmds/ltxcmds.sty
Package: ltxcmds 2023-12-04 v1.26 LaTeX kernel commands for general use (HO)
) (c:/Users/Vineet.Dairashri/AppData/Roaming/TinyTeX/texmf-dist/tex/generic/pdftexcmds/pdftexcmds.sty
Package: pdftexcmds 2020-06-27 v0.33 Utility functions of pdfTeX for LuaTeX (HO)
(c:/Users/Vineet.Dairashri/AppData/Roaming/TinyTeX/texmf-dist/tex/generic/infwarerr/infwarerr.sty
Package: infwarerr 2019/12/03 v1.5 Providing info/warning/error messages (HO)
)
Package pdftexcmds Info: \pdf@primitive is available.
Package pdftexcmds Info: \pdf@ifprimitive is available.
Package pdftexcmds Info: \pdfdraftmode found.
)) (c:/Users/Vineet.Dairashri/AppData/Roaming/TinyTeX/texmf-dist/tex/latex/hycolor/hycolor.sty
Package: hycolor 2020-01-27 v1.10 Color options for hyperref/bookmark (HO)
) (c:/Users/Vineet.Dairashri/AppData/Roaming/TinyTeX/texmf-dist/tex/latex/hyperref/nameref.sty
Package: nameref 2025-06-21 v2.57 Cross-referencing by name of section
(c:/Users/Vineet.Dairashri/AppData/Roaming/TinyTeX/texmf-dist/tex/latex/refcount/refcount.sty
Package: refcount 2019/12/15 v3.6 Data extraction from label references (HO)
) (c:/Users/Vineet.Dairashri/AppData/Roaming/TinyTeX/texmf-dist/tex/generic/gettitlestring/gettitlestring.sty
Package: gettitlestring 2019/12/15 v1.6 Cleanup title references (HO)
(c:/Users/Vineet.Dairashri/AppData/Roaming/TinyTeX/texmf-dist/tex/latex/kvoptions/kvoptions.sty
Package: kvoptions 2022-06-15 v3.15 Key value format for package options (HO)
))
\c@section@level=\count322
) (c:/Users/Vineet.Dairashri/AppData/Roaming/TinyTeX/texmf-dist/tex/generic/stringenc/stringenc.sty
Package: stringenc 2019/11/29 v1.12 Convert strings between diff. encodings (HO)
)
\@linkdim=\dimen275
\Hy@linkcounter=\count323
\Hy@pagecounter=\count324
(c:/Users/Vineet.Dairashri/AppData/Roaming/TinyTeX/texmf-dist/tex/latex/hyperref/pd1enc.def
File: pd1enc.def 2025-06-21 v7.01n Hyperref: PDFDocEncoding definition (HO)
Now handling font encoding PD1 ...
... no UTF-8 mapping file for font encoding PD1
) (c:/Users/Vineet.Dairashri/AppData/Roaming/TinyTeX/texmf-dist/tex/generic/intcalc/intcalc.sty
Package: intcalc 2019/12/15 v1.3 Expandable calculations with integers (HO)
)
\Hy@SavedSpaceFactor=\count325
(c:/Users/Vineet.Dairashri/AppData/Roaming/TinyTeX/texmf-dist/tex/latex/hyperref/puenc.def
File: puenc.def 2025-06-21 v7.01n Hyperref: PDF Unicode definition (HO)
Now handling font encoding PU ...
... no UTF-8 mapping file for font encoding PU
)
Package hyperref Info: Option `bookmarks' set `true' on input line 4052.
Package hyperref Info: Option `bookmarksopen' set `true' on input line 4052.
Package hyperref Info: Option `implicit' set `false' on input line 4052.
Package hyperref Info: Hyper figures OFF on input line 4181.
Package hyperref Info: Link nesting OFF on input line 4186.
Package hyperref Info: Hyper index ON on input line 4189.
Package hyperref Info: Plain pages OFF on input line 4196.
Package hyperref Info: Backreferencing OFF on input line 4201.
Package hyperref Info: Implicit mode OFF; no redefinition of LaTeX internals.
Package hyperref Info: Bookmarks ON on input line 4448.
\c@Hy@tempcnt=\count326
(c:/Users/Vineet.Dairashri/AppData/Roaming/TinyTeX/texmf-dist/tex/latex/url/url.sty
\Urlmuskip=\muskip17
Package: url 2013/09/16  ver 3.4  Verb mode for urls, etc.
)
LaTeX Info: Redefining \url on input line 4787.
\XeTeXLinkMargin=\dimen276
(c:/Users/Vineet.Dairashri/AppData/Roaming/TinyTeX/texmf-dist/tex/generic/bitset/bitset.sty
Package: bitset 2019/12/09 v1.3 Handle bit-vector datatype (HO)
(c:/Users/Vineet.Dairashri/AppData/Roaming/TinyTeX/texmf-dist/tex/generic/bigintcalc/bigintcalc.sty
Package: bigintcalc 2019/12/15 v1.5 Expandable calculations on big integers (HO)
))
\Fld@menulength=\count327
\Field@Width=\dimen277
\Fld@charsize=\dimen278
Package hyperref Info: Hyper figures OFF on input line 6066.
Package hyperref Info: Link nesting OFF on input line 6071.
Package hyperref Info: Hyper index ON on input line 6074.
Package hyperref Info: backreferencing OFF on input line 6081.
Package hyperref Info: Link coloring OFF on input line 6086.
Package hyperref Info: Link coloring with OCG OFF on input line 6091.
Package hyperref Info: PDF/A mode OFF on input line 6096.
\Hy@abspage=\count328

Package hyperref Message: Stopped early.

)
Package hyperref Info: Driver (autodetected): hpdftex.
(c:/Users/Vineet.Dairashri/AppData/Roaming/TinyTeX/texmf-dist/tex/latex/hyperref/hpdftex.def
File: hpdftex.def 2025-06-21 v7.01n Hyperref driver for pdfTeX
\Fld@listcount=\count329
\c@bookmark@seq@number=\count330
(c:/Users/Vineet.Dairashri/AppData/Roaming/TinyTeX/texmf-dist/tex/latex/rerunfilecheck/rerunfilecheck.sty
Package: rerunfilecheck 2025-06-21 v1.11 Rerun checks for auxiliary files (HO)
(c:/Users/Vineet.Dairashri/AppData/Roaming/TinyTeX/texmf-dist/tex/generic/uniquecounter/uniquecounter.sty
Package: uniquecounter 2019/12/15 v1.4 Provide unlimited unique counter (HO)
)
Package uniquecounter Info: New unique counter `rerunfilecheck' on input line 284.
)) (c:/Users/Vineet.Dairashri/AppData/Roaming/TinyTeX/texmf-dist/tex/latex/beamer/beamerbaserequires.sty (c:/Users/Vineet.Dairashri/AppData/Roaming/TinyTeX/texmf-dist/tex/latex/beamer/beamerbasecompatibility.sty) (c:/Users/Vineet.Dairashri/AppData/Roaming/TinyTeX/texmf-dist/tex/latex/beamer/beamerbasefont.sty (c:/Users/Vineet.Dairashri/AppData/Roaming/TinyTeX/texmf-dist/tex/latex/amsfonts/amssymb.sty
Package: amssymb 2013/01/14 v3.01 AMS font symbols
(c:/Users/Vineet.Dairashri/AppData/Roaming/TinyTeX/texmf-dist/tex/latex/amsfonts/amsfonts.sty
Package: amsfonts 2013/01/14 v3.01 Basic AMSFonts support
\@emptytoks=\toks29
\symAMSa=\mathgroup4
\symAMSb=\mathgroup5
LaTeX Font Info:    Redeclaring math symbol \hbar on input line 98.
LaTeX Font Info:    Overwriting math alphabet `\mathfrak' in version `bold'
(Font)                  U/euf/m/n --> U/euf/b/n on input line 106.
))) (c:/Users/Vineet.Dairashri/AppData/Roaming/TinyTeX/texmf-dist/tex/latex/beamer/beamerbasetranslator.sty (c:/Users/Vineet.Dairashri/AppData/Roaming/TinyTeX/texmf-dist/tex/latex/translator/translator.sty
Package: translator 2021-05-31 v1.12d Easy translation of strings in LaTeX
)) (c:/Users/Vineet.Dairashri/AppData/Roaming/TinyTeX/texmf-dist/tex/latex/beamer/beamerbasemisc.sty) (c:/Users/Vineet.Dairashri/AppData/Roaming/TinyTeX/texmf-dist/tex/latex/beamer/beamerbasetwoscreens.sty) (c:/Users/Vineet.Dairashri/AppData/Roaming/TinyTeX/texmf-dist/tex/latex/beamer/beamerbaseoverlay.sty
\beamer@argscount=\count331
\beamer@lastskipcover=\skip52
\beamer@trivlistdepth=\count332
) (c:/Users/Vineet.Dairashri/AppData/Roaming/TinyTeX/texmf-dist/tex/latex/beamer/beamerbasetitle.sty) (c:/Users/Vineet.Dairashri/AppData/Roaming/TinyTeX/texmf-dist/tex/latex/beamer/beamerbasesection.sty
\c@lecture=\count333
\c@part=\count334
\c@section=\count335
\c@subsection=\count336
\c@subsubsection=\count337
) (c:/Users/Vineet.Dairashri/AppData/Roaming/TinyTeX/texmf-dist/tex/latex/beamer/beamerbaseframe.sty
\beamer@framebox=\box68
\beamer@frametitlebox=\box69
\beamer@zoombox=\box70
\beamer@zoomcount=\count338
\beamer@zoomframecount=\count339
\beamer@frametextheight=\dimen279
\c@subsectionslide=\count340
\beamer@frametopskip=\skip53
\beamer@framebottomskip=\skip54
\beamer@frametopskipautobreak=\skip55
\beamer@framebottomskipautobreak=\skip56
\beamer@envbody=\toks30
\framewidth=\dimen280
\c@framenumber=\count341
) (c:/Users/Vineet.Dairashri/AppData/Roaming/TinyTeX/texmf-dist/tex/latex/beamer/beamerbaseverbatim.sty
\beamer@verbatimfileout=\write4
) (c:/Users/Vineet.Dairashri/AppData/Roaming/TinyTeX/texmf-dist/tex/latex/beamer/beamerbaseframesize.sty
\beamer@splitbox=\box71
\beamer@autobreakcount=\count342
\beamer@autobreaklastheight=\dimen281
\beamer@frametitletoks=\toks31
\beamer@framesubtitletoks=\toks32
) (c:/Users/Vineet.Dairashri/AppData/Roaming/TinyTeX/texmf-dist/tex/latex/beamer/beamerbaseframecomponents.sty
\beamer@footins=\box72
) (c:/Users/Vineet.Dairashri/AppData/Roaming/TinyTeX/texmf-dist/tex/latex/beamer/beamerbasecolor.sty) (c:/Users/Vineet.Dairashri/AppData/Roaming/TinyTeX/texmf-dist/tex/latex/beamer/beamerbasenotes.sty
\beamer@frameboxcopy=\box73
) (c:/Users/Vineet.Dairashri/AppData/Roaming/TinyTeX/texmf-dist/tex/latex/beamer/beamerbasetoc.sty) (c:/Users/Vineet.Dairashri/AppData/Roaming/TinyTeX/texmf-dist/tex/latex/beamer/beamerbasetemplates.sty
\beamer@sbttoks=\toks33
(c:/Users/Vineet.Dairashri/AppData/Roaming/TinyTeX/texmf-dist/tex/latex/beamer/beamerbaseauxtemplates.sty (c:/Users/Vineet.Dairashri/AppData/Roaming/TinyTeX/texmf-dist/tex/latex/beamer/beamerbaseboxes.sty
\bmb@box=\box74
\bmb@colorbox=\box75
\bmb@boxwidth=\dimen282
\bmb@boxheight=\dimen283
\bmb@prevheight=\dimen284
\bmb@temp=\dimen285
\bmb@dima=\dimen286
\bmb@dimb=\dimen287
\bmb@prevheight=\dimen288
)
\beamer@blockheadheight=\dimen289
)) (c:/Users/Vineet.Dairashri/AppData/Roaming/TinyTeX/texmf-dist/tex/latex/beamer/beamerbaselocalstructure.sty (c:/Users/Vineet.Dairashri/AppData/Roaming/TinyTeX/texmf-dist/tex/latex/tools/enumerate.sty
Package: enumerate 2023/07/04 v3.00 enumerate extensions (DPC)
\@enLab=\toks34
)
\beamer@bibiconwidth=\skip57
\c@figure=\count343
\c@table=\count344
\abovecaptionskip=\skip58
\belowcaptionskip=\skip59
) (c:/Users/Vineet.Dairashri/AppData/Roaming/TinyTeX/texmf-dist/tex/latex/beamer/beamerbasenavigation.sty (c:/Users/Vineet.Dairashri/AppData/Roaming/TinyTeX/texmf-dist/tex/latex/beamer/beamerbasenavigationsymbols.tex)
\beamer@section@min@dim=\dimen290
) (c:/Users/Vineet.Dairashri/AppData/Roaming/TinyTeX/texmf-dist/tex/latex/beamer/beamerbasetheorems.sty (c:/Users/Vineet.Dairashri/AppData/Roaming/TinyTeX/texmf-dist/tex/latex/amsmath/amsmath.sty
Package: amsmath 2025/06/16 v2.17y AMS math features
\@mathmargin=\skip60
For additional information on amsmath, use the `?' option.
(c:/Users/Vineet.Dairashri/AppData/Roaming/TinyTeX/texmf-dist/tex/latex/amsmath/amstext.sty
Package: amstext 2024/11/17 v2.01 AMS text
(c:/Users/Vineet.Dairashri/AppData/Roaming/TinyTeX/texmf-dist/tex/latex/amsmath/amsgen.sty
File: amsgen.sty 1999/11/30 v2.0 generic functions
\@emptytoks=\toks35
\ex@=\dimen291
)) (c:/Users/Vineet.Dairashri/AppData/Roaming/TinyTeX/texmf-dist/tex/latex/amsmath/amsbsy.sty
Package: amsbsy 1999/11/29 v1.2d Bold Symbols
\pmbraise@=\dimen292
) (c:/Users/Vineet.Dairashri/AppData/Roaming/TinyTeX/texmf-dist/tex/latex/amsmath/amsopn.sty
Package: amsopn 2022/04/08 v2.04 operator names
)
\inf@bad=\count345
LaTeX Info: Redefining \frac on input line 233.
\uproot@=\count346
\leftroot@=\count347
LaTeX Info: Redefining \overline on input line 398.
LaTeX Info: Redefining \colon on input line 409.
\classnum@=\count348
\DOTSCASE@=\count349
LaTeX Info: Redefining \ldots on input line 495.
LaTeX Info: Redefining \dots on input line 498.
LaTeX Info: Redefining \cdots on input line 619.
\Mathstrutbox@=\box76
\strutbox@=\box77
LaTeX Info: Redefining \big on input line 721.
LaTeX Info: Redefining \Big on input line 722.
LaTeX Info: Redefining \bigg on input line 723.
LaTeX Info: Redefining \Bigg on input line 724.
\big@size=\dimen293
LaTeX Font Info:    Redeclaring font encoding OML on input line 742.
LaTeX Font Info:    Redeclaring font encoding OMS on input line 743.
\macc@depth=\count350
LaTeX Info: Redefining \bmod on input line 904.
LaTeX Info: Redefining \pmod on input line 909.
LaTeX Info: Redefining \smash on input line 939.
LaTeX Info: Redefining \relbar on input line 969.
LaTeX Info: Redefining \Relbar on input line 970.
\c@MaxMatrixCols=\count351
\dotsspace@=\muskip18
\c@parentequation=\count352
\dspbrk@lvl=\count353
\tag@help=\toks36
\row@=\count354
\column@=\count355
\maxfields@=\count356
\andhelp@=\toks37
\eqnshift@=\dimen294
\alignsep@=\dimen295
\tagshift@=\dimen296
\tagwidth@=\dimen297
\totwidth@=\dimen298
\lineht@=\dimen299
\@envbody=\toks38
\multlinegap=\skip61
\multlinetaggap=\skip62
\mathdisplay@stack=\toks39
LaTeX Info: Redefining \[ on input line 2949.
LaTeX Info: Redefining \] on input line 2950.
) (c:/Users/Vineet.Dairashri/AppData/Roaming/TinyTeX/texmf-dist/tex/latex/amscls/amsthm.sty
Package: amsthm 2020/05/29 v2.20.6
\thm@style=\toks40
\thm@bodyfont=\toks41
\thm@headfont=\toks42
\thm@notefont=\toks43
\thm@headpunct=\toks44
\thm@preskip=\skip63
\thm@postskip=\skip64
\thm@headsep=\skip65
\dth@everypar=\toks45
)
\c@theorem=\count357
) (c:/Users/Vineet.Dairashri/AppData/Roaming/TinyTeX/texmf-dist/tex/latex/beamer/beamerbasethemes.sty)) (c:/Users/Vineet.Dairashri/AppData/Roaming/TinyTeX/texmf-dist/tex/latex/beamer/beamerthemedefault.sty (c:/Users/Vineet.Dairashri/AppData/Roaming/TinyTeX/texmf-dist/tex/latex/beamer/beamerfontthemedefault.sty) (c:/Users/Vineet.Dairashri/AppData/Roaming/TinyTeX/texmf-dist/tex/latex/beamer/beamercolorthemedefault.sty) (c:/Users/Vineet.Dairashri/AppData/Roaming/TinyTeX/texmf-dist/tex/latex/beamer/beamerinnerthemedefault.sty
\beamer@dima=\dimen300
\beamer@dimb=\dimen301
) (c:/Users/Vineet.Dairashri/AppData/Roaming/TinyTeX/texmf-dist/tex/latex/beamer/beamerouterthemedefault.sty))) (c:/Users/Vineet.Dairashri/AppData/Roaming/TinyTeX/texmf-dist/tex/latex/lm/lmodern.sty
Package: lmodern 2015/05/01 v1.6.1 Latin Modern Fonts
LaTeX Font Info:    Overwriting symbol font `operators' in version `normal'
(Font)                  OT1/cmr/m/n --> OT1/lmr/m/n on input line 22.
LaTeX Font Info:    Overwriting symbol font `letters' in version `normal'
(Font)                  OML/cmm/m/it --> OML/lmm/m/it on input line 23.
LaTeX Font Info:    Overwriting symbol font `symbols' in version `normal'
(Font)                  OMS/cmsy/m/n --> OMS/lmsy/m/n on input line 24.
LaTeX Font Info:    Overwriting symbol font `largesymbols' in version `normal'
(Font)                  OMX/cmex/m/n --> OMX/lmex/m/n on input line 25.
LaTeX Font Info:    Overwriting symbol font `operators' in version `bold'
(Font)                  OT1/cmr/bx/n --> OT1/lmr/bx/n on input line 26.
LaTeX Font Info:    Overwriting symbol font `letters' in version `bold'
(Font)                  OML/cmm/b/it --> OML/lmm/b/it on input line 27.
LaTeX Font Info:    Overwriting symbol font `symbols' in version `bold'
(Font)                  OMS/cmsy/b/n --> OMS/lmsy/b/n on input line 28.
LaTeX Font Info:    Overwriting symbol font `largesymbols' in version `bold'
(Font)                  OMX/cmex/m/n --> OMX/lmex/m/n on input line 29.
LaTeX Font Info:    Overwriting math alphabet `\mathbf' in version `normal'
(Font)                  OT1/cmr/bx/n --> OT1/lmr/bx/n on input line 31.
LaTeX Font Info:    Overwriting math alphabet `\mathsf' in version `normal'
(Font)                  OT1/cmss/m/n --> OT1/lmss/m/n on input line 32.
LaTeX Font Info:    Overwriting math alphabet `\mathit' in version `normal'
(Font)                  OT1/cmr/m/it --> OT1/lmr/m/it on input line 33.
LaTeX Font Info:    Overwriting math alphabet `\mathtt' in version `normal'
(Font)                  OT1/cmtt/m/n --> OT1/lmtt/m/n on input line 34.
LaTeX Font Info:    Overwriting math alphabet `\mathbf' in version `bold'
(Font)                  OT1/cmr/bx/n --> OT1/lmr/bx/n on input line 35.
LaTeX Font Info:    Overwriting math alphabet `\mathsf' in version `bold'
(Font)                  OT1/cmss/bx/n --> OT1/lmss/bx/n on input line 36.
LaTeX Font Info:    Overwriting math alphabet `\mathit' in version `bold'
(Font)                  OT1/cmr/bx/it --> OT1/lmr/bx/it on input line 37.
LaTeX Font Info:    Overwriting math alphabet `\mathtt' in version `bold'
(Font)                  OT1/cmtt/m/n --> OT1/lmtt/m/n on input line 38.
) (c:/Users/Vineet.Dairashri/AppData/Roaming/TinyTeX/texmf-dist/tex/latex/silence/silence.sty
Package: silence 2012/07/02 v1.5b Selective filtering of warnings and error messages
\sl@Save=\count358
\sl@StateNumber=\count359
\sl@MessageCount=\count360
\sl@Casualties=\count361
\sl@Filter=\toks46
\sl@Message=\toks47
\sl@UnexpandedMessage=\toks48
\sl@Mess@ge=\toks49
\sl@WarningCount=\count362
\sl@WarningNumber=\count363
\sl@WarningCasualties=\count364
\sl@TempBOW=\toks50
\sl@BankOfWarnings=\toks51
LaTeX Info: Redefining \GenericWarning on input line 433.
\sl@ErrorCount=\count365
\sl@ErrorNumber=\count366
\sl@ErrorCasualties=\count367
\sl@TempBOE=\toks52
\sl@BankOfErrors=\toks53
LaTeX Info: Redefining \GenericError on input line 601.
) (c:/Users/Vineet.Dairashri/AppData/Roaming/TinyTeX/texmf-dist/tex/generic/iftex/ifxetex.sty
Package: ifxetex 2019/10/25 v0.7 ifxetex legacy package. Use iftex instead.
) (c:/Users/Vineet.Dairashri/AppData/Roaming/TinyTeX/texmf-dist/tex/generic/iftex/ifluatex.sty
Package: ifluatex 2019/10/25 v1.5 ifluatex legacy package. Use iftex instead.
) (c:/Users/Vineet.Dairashri/AppData/Roaming/TinyTeX/texmf-dist/tex/latex/base/fontenc.sty
Package: fontenc 2024/12/21 v2.1c Standard LaTeX package
LaTeX Font Info:    Trying to load font information for T1+lmss on input line 116.
(c:/Users/Vineet.Dairashri/AppData/Roaming/TinyTeX/texmf-dist/tex/latex/lm/t1lmss.fd
File: t1lmss.fd 2015/05/01 v1.6.1 Font defs for Latin Modern
)) (c:/Users/Vineet.Dairashri/AppData/Roaming/TinyTeX/texmf-dist/tex/latex/base/inputenc.sty
Package: inputenc 2024/02/08 v1.3d Input encoding file
\inpenc@prehook=\toks54
\inpenc@posthook=\toks55
)
Package hyperref Info: Option `unicode' set `true' on input line 41.
Package hyperref Info: Option `colorlinks' set `true' on input line 41.
Package hyperref Info: Option `breaklinks' set `true' on input line 41.
(c:/Users/Vineet.Dairashri/AppData/Roaming/TinyTeX/texmf-dist/tex/generic/babel/babel.sty
Package: babel 2025/06/10 v25.10 The multilingual framework for pdfLaTeX, LuaLaTeX and XeLaTeX
\babel@savecnt=\count368
LaTeX Encoding Info:    Redeclaring text command \ij (encoding OT1) on input line 2043.
LaTeX Encoding Info:    Redeclaring text command \IJ (encoding OT1) on input line 2045.
LaTeX Encoding Info:    Redeclaring text command \ij (encoding T1) on input line 2047.
LaTeX Encoding Info:    Redeclaring text command \IJ (encoding T1) on input line 2048.
LaTeX Encoding Info:    Ignoring declaration for text command \ij (encoding ?) on input line 2049.
LaTeX Encoding Info:    Ignoring declaration for text command \IJ (encoding ?) on input line 2051.
LaTeX Encoding Info:    Ignoring declaration for text command \SS (encoding ?) on input line 2076.
\U@D=\dimen302
\l@unhyphenated=\language8
(c:/Users/Vineet.Dairashri/AppData/Roaming/TinyTeX/texmf-dist/tex/generic/babel/txtbabel.def)
\bbl@readstream=\read3
LaTeX Info: Redefining \textlatin on input line 3887.
\bbl@dirlevel=\count369
Package babel Info: Main language set with 'main='. Except if you have
(babel)             problems, prefer the default mechanism for setting
(babel)             the main language, i.e., as the last declared.
(babel)             Reported on input line 4173.
(c:/Users/Vineet.Dairashri/AppData/Roaming/TinyTeX/texmf-dist/tex/generic/babel-english/english.ldf
Language: english 2017/06/06 v3.3r English support from the babel system
(c:/Users/Vineet.Dairashri/AppData/Roaming/TinyTeX/texmf-dist/tex/generic/babel/locale/en/babel-english.tex
Package babel Info: Importing font and identification data for english
(babel)             from babel-en.ini. Reported on input line 11.
)
Package babel Info: Hyphen rules for 'canadian' set to \l@english
(babel)             (\language0). Reported on input line 102.
Package babel Info: Hyphen rules for 'australian' set to \l@ukenglish
(babel)             (\language3). Reported on input line 105.
Package babel Info: Hyphen rules for 'newzealand' set to \l@ukenglish
(babel)             (\language3). Reported on input line 108.
)) (c:/Users/Vineet.Dairashri/AppData/Roaming/TinyTeX/texmf-dist/tex/latex/fancyvrb/fancyvrb.sty
Package: fancyvrb 2024/01/20 4.5c verbatim text (tvz,hv)
\FV@CodeLineNo=\count370
\FV@InFile=\read4
\FV@TabBox=\box78
\c@FancyVerbLine=\count371
\FV@StepNumber=\count372
\FV@OutFile=\write5
) (c:/Users/Vineet.Dairashri/AppData/Roaming/TinyTeX/texmf-dist/tex/latex/framed/framed.sty
Package: framed 2011/10/22 v 0.96: framed or shaded text with page breaks
\OuterFrameSep=\skip66
\fb@frw=\dimen303
\fb@frh=\dimen304
\FrameRule=\dimen305
\FrameSep=\dimen306
) (c:/Users/Vineet.Dairashri/AppData/Roaming/TinyTeX/texmf-dist/tex/latex/tools/longtable.sty
Package: longtable 2024-12-18 v4.23 Multi-page Table package (DPC)
\LTleft=\skip67
\LTright=\skip68
\LTpre=\skip69
\LTpost=\skip70
\LTchunksize=\count373
\LTcapwidth=\dimen307
\LT@head=\box79
\LT@firsthead=\box80
\LT@foot=\box81
\LT@lastfoot=\box82
\LT@gbox=\box83
\LT@cols=\count374
\LT@rows=\count375
\c@LT@tables=\count376
\c@LT@chunks=\count377
\LT@p@ftn=\toks56
) (c:/Users/Vineet.Dairashri/AppData/Roaming/TinyTeX/texmf-dist/tex/latex/booktabs/booktabs.sty
Package: booktabs 2020/01/12 v1.61803398 Publication quality tables
\heavyrulewidth=\dimen308
\lightrulewidth=\dimen309
\cmidrulewidth=\dimen310
\belowrulesep=\dimen311
\belowbottomsep=\dimen312
\aboverulesep=\dimen313
\abovetopsep=\dimen314
\cmidrulesep=\dimen315
\cmidrulekern=\dimen316
\defaultaddspace=\dimen317
\@cmidla=\count378
\@cmidlb=\count379
\@aboverulesep=\dimen318
\@belowrulesep=\dimen319
\@thisruleclass=\count380
\@lastruleclass=\count381
\@thisrulewidth=\dimen320
) (c:/Users/Vineet.Dairashri/AppData/Local/R/win-library/4.3/runidue/rmarkdown/templates/lectureslides/resources//ee.sty) (c:/Users/Vineet.Dairashri/AppData/Local/R/win-library/4.3/runidue/rmarkdown/templates/lectureslides/resources//BeamerColor.sty) (c:/Users/Vineet.Dairashri/AppData/Local/R/win-library/4.3/runidue/rmarkdown/templates/lectureslides/resources//hypernat.sty) (c:/Users/Vineet.Dairashri/AppData/Roaming/TinyTeX/texmf-dist/tex/latex/mathtools/mathtools.sty
Package: mathtools 2024/10/04 v1.31 mathematical typesetting tools
(c:/Users/Vineet.Dairashri/AppData/Roaming/TinyTeX/texmf-dist/tex/latex/tools/calc.sty
Package: calc 2025/03/01 v4.3b Infix arithmetic (KKT,FJ)
\calc@Acount=\count382
\calc@Bcount=\count383
\calc@Adimen=\dimen321
\calc@Bdimen=\dimen322
\calc@Askip=\skip71
\calc@Bskip=\skip72
LaTeX Info: Redefining \setlength on input line 86.
LaTeX Info: Redefining \addtolength on input line 87.
\calc@Ccount=\count384
\calc@Cskip=\skip73
) (c:/Users/Vineet.Dairashri/AppData/Roaming/TinyTeX/texmf-dist/tex/latex/mathtools/mhsetup.sty
Package: mhsetup 2021/03/18 v1.4 programming setup (MH)
)
\g_MT_multlinerow_int=\count385
\l_MT_multwidth_dim=\dimen323
\origjot=\skip74
\l_MT_shortvdotswithinadjustabove_dim=\dimen324
\l_MT_shortvdotswithinadjustbelow_dim=\dimen325
\l_MT_above_intertext_sep=\dimen326
\l_MT_below_intertext_sep=\dimen327
\l_MT_above_shortintertext_sep=\dimen328
\l_MT_below_shortintertext_sep=\dimen329
\xmathstrut@box=\box84
\xmathstrut@dim=\dimen330
) (c:/Users/Vineet.Dairashri/AppData/Roaming/TinyTeX/texmf-dist/tex/latex/adjustbox/adjustbox.sty
Package: adjustbox 2025/02/26 v1.3c Adjusting TeX boxes (trim, clip, ...)
(c:/Users/Vineet.Dairashri/AppData/Roaming/TinyTeX/texmf-dist/tex/latex/xkeyval/xkeyval.sty
Package: xkeyval 2022/06/16 v2.9 package option processing (HA)
(c:/Users/Vineet.Dairashri/AppData/Roaming/TinyTeX/texmf-dist/tex/generic/xkeyval/xkeyval.tex (c:/Users/Vineet.Dairashri/AppData/Roaming/TinyTeX/texmf-dist/tex/generic/xkeyval/xkvutils.tex
\XKV@toks=\toks57
\XKV@tempa@toks=\toks58
)
\XKV@depth=\count386
File: xkeyval.tex 2014/12/03 v2.7a key=value parser (HA)
)) (c:/Users/Vineet.Dairashri/AppData/Roaming/TinyTeX/texmf-dist/tex/latex/adjustbox/adjcalc.sty
Package: adjcalc 2012/05/16 v1.1 Provides advanced setlength with multiple back-ends (calc, etex, pgfmath)
) (c:/Users/Vineet.Dairashri/AppData/Roaming/TinyTeX/texmf-dist/tex/latex/adjustbox/trimclip.sty
Package: trimclip 2025/02/21 v1.2a Trim and clip general TeX material
(c:/Users/Vineet.Dairashri/AppData/Roaming/TinyTeX/texmf-dist/tex/latex/collectbox/collectbox.sty
Package: collectbox 2022/10/17 v0.4c Collect macro arguments as boxes
\collectedbox=\box85
)
\tc@llx=\dimen331
\tc@lly=\dimen332
\tc@urx=\dimen333
\tc@ury=\dimen334
Package trimclip Info: Using driver 'tc-pdftex.def'.
(c:/Users/Vineet.Dairashri/AppData/Roaming/TinyTeX/texmf-dist/tex/latex/adjustbox/tc-pdftex.def
File: tc-pdftex.def 2025/02/26 v2.3 Clipping driver for pdftex
))
\adjbox@Width=\dimen335
\adjbox@Height=\dimen336
\adjbox@Depth=\dimen337
\adjbox@Totalheight=\dimen338
\adjbox@pwidth=\dimen339
\adjbox@pheight=\dimen340
\adjbox@pdepth=\dimen341
\adjbox@ptotalheight=\dimen342
) (c:/Users/Vineet.Dairashri/AppData/Roaming/TinyTeX/texmf-dist/tex/latex/makecell/makecell.sty
Package: makecell 2009/08/03 V0.1e Managing of Tab Column Heads and Cells
(c:/Users/Vineet.Dairashri/AppData/Roaming/TinyTeX/texmf-dist/tex/latex/tools/array.sty
Package: array 2025/06/08 v2.6j Tabular extension package (FMi)
\col@sep=\dimen343
\ar@mcellbox=\box86
\extrarowheight=\dimen344
\NC@list=\toks59
\extratabsurround=\skip75
\backup@length=\skip76
\ar@cellbox=\box87
)
\rotheadsize=\dimen345
\c@nlinenum=\count387
\TeXr@lab=\toks60
) (c:/Users/Vineet.Dairashri/AppData/Roaming/TinyTeX/texmf-dist/tex/latex/diagbox/diagbox.sty
Package: diagbox 2020/02/09 v2.3 Making table heads with diagonal lines
(c:/Users/Vineet.Dairashri/AppData/Roaming/TinyTeX/texmf-dist/tex/latex/pict2e/pict2e.sty
Package: pict2e 2020/09/30 v0.4b Improved picture commands (HjG,RN,JT)
(c:/Users/Vineet.Dairashri/AppData/Roaming/TinyTeX/texmf-dist/tex/latex/pict2e/pict2e.cfg
File: pict2e.cfg 2016/02/05 v0.1u pict2e configuration for teTeX/TeXLive
)
Package pict2e Info: Driver file: pdftex.def on input line 112.
Package pict2e Info: Driver file for pict2e: p2e-pdftex.def on input line 114.
(c:/Users/Vineet.Dairashri/AppData/Roaming/TinyTeX/texmf-dist/tex/latex/pict2e/p2e-pdftex.def
File: p2e-pdftex.def 2016/02/05 v0.1u Driver-dependant file (RN,HjG,JT)
)
\pIIe@GRAPH=\toks61
\@arclen=\dimen346
\@arcrad=\dimen347
\pIIe@tempdima=\dimen348
\pIIe@tempdimb=\dimen349
\pIIe@tempdimc=\dimen350
\pIIe@tempdimd=\dimen351
\pIIe@tempdime=\dimen352
\pIIe@tempdimf=\dimen353
)
\diagbox@boxa=\box88
\diagbox@boxb=\box89
\diagbox@boxm=\box90
\diagbox@wd=\dimen354
\diagbox@ht=\dimen355
\diagbox@insepl=\dimen356
\diagbox@insepr=\dimen357
\diagbox@outsepl=\dimen358
\diagbox@outsepr=\dimen359
) (c:/Users/Vineet.Dairashri/AppData/Roaming/TinyTeX/texmf-dist/tex/latex/tools/bm.sty
Package: bm 2023/12/19 v1.2f Bold Symbol Support (DPC/FMi)
\symboldoperators=\mathgroup6
\symboldletters=\mathgroup7
\symboldsymbols=\mathgroup8
Package bm Info: No bold for \OMX/lmex/m/n, using \pmb.
Package bm Info: No bold for \U/msa/m/n, using \pmb.
Package bm Info: No bold for \U/msb/m/n, using \pmb.
LaTeX Font Info:    Redeclaring math alphabet \mathbf on input line 149.
) (c:/Users/Vineet.Dairashri/AppData/Roaming/TinyTeX/texmf-dist/tex/latex/bbm-macros/bbm.sty
Package: bbm 1999/03/15 V 1.2 provides fonts for set symbols - TH
LaTeX Font Info:    Overwriting math alphabet `\mathbbm' in version `bold'
(Font)                  U/bbm/m/n --> U/bbm/bx/n on input line 33.
LaTeX Font Info:    Overwriting math alphabet `\mathbbmss' in version `bold'
(Font)                  U/bbmss/m/n --> U/bbmss/bx/n on input line 35.
) (c:/Users/Vineet.Dairashri/AppData/Roaming/TinyTeX/texmf-dist/tex/latex/subfig/subfig.sty
Package: subfig 2005/06/28 ver: 1.3 subfig package
(c:/Users/Vineet.Dairashri/AppData/Roaming/TinyTeX/texmf-dist/tex/latex/caption/caption.sty
Package: caption 2023/08/05 v3.6o Customizing captions (AR)
(c:/Users/Vineet.Dairashri/AppData/Roaming/TinyTeX/texmf-dist/tex/latex/caption/caption3.sty
Package: caption3 2023/07/31 v2.4d caption3 kernel (AR)
\caption@tempdima=\dimen360
\captionmargin=\dimen361
\caption@leftmargin=\dimen362
\caption@rightmargin=\dimen363
\caption@width=\dimen364
\caption@indent=\dimen365
\caption@parindent=\dimen366
\caption@hangindent=\dimen367
Package caption Info: beamer document class detected.
(c:/Users/Vineet.Dairashri/AppData/Roaming/TinyTeX/texmf-dist/tex/latex/caption/caption-beamer.sto
File: caption-beamer.sto 2022/01/06 v2.0c Adaption of the caption package to the beamer document classes (AR)
))
\c@caption@flags=\count388
\c@continuedfloat=\count389
Package caption Info: hyperref package is loaded.
Package caption Info: Hyperref support is turned off
(caption)             because hyperref has stopped early.
Package caption Info: longtable package is loaded.
(c:/Users/Vineet.Dairashri/AppData/Roaming/TinyTeX/texmf-dist/tex/latex/caption/ltcaption.sty
Package: ltcaption 2021/01/08 v1.4c longtable captions (AR)
))
\c@KVtest=\count390
\sf@farskip=\skip77
\sf@captopadj=\dimen368
\sf@capskip=\skip78
\sf@nearskip=\skip79
\c@subfigure=\count391
\c@subfigure@save=\count392
\c@depth=\count393
\c@subtable=\count394
\c@subtable@save=\count395
\sf@top=\skip80
\sf@bottom=\skip81
) (c:/Users/Vineet.Dairashri/AppData/Roaming/TinyTeX/texmf-dist/tex/latex/forest/forest.sty
Package: forest 2017/07/14 v2.1.5 Drawing (linguistic) trees
(c:/Users/Vineet.Dairashri/AppData/Roaming/TinyTeX/texmf-dist/tex/latex/pgf/frontendlayer/tikz.sty (c:/Users/Vineet.Dairashri/AppData/Roaming/TinyTeX/texmf-dist/tex/latex/pgf/basiclayer/pgf.sty
Package: pgf 2023-01-15 v3.1.10 (3.1.10)
(c:/Users/Vineet.Dairashri/AppData/Roaming/TinyTeX/texmf-dist/tex/generic/pgf/modules/pgfmoduleshapes.code.tex
File: pgfmoduleshapes.code.tex 2023-01-15 v3.1.10 (3.1.10)
\pgfnodeparttextbox=\box91
) (c:/Users/Vineet.Dairashri/AppData/Roaming/TinyTeX/texmf-dist/tex/generic/pgf/modules/pgfmoduleplot.code.tex
File: pgfmoduleplot.code.tex 2023-01-15 v3.1.10 (3.1.10)
) (c:/Users/Vineet.Dairashri/AppData/Roaming/TinyTeX/texmf-dist/tex/latex/pgf/compatibility/pgfcomp-version-0-65.sty
Package: pgfcomp-version-0-65 2023-01-15 v3.1.10 (3.1.10)
\pgf@nodesepstart=\dimen369
\pgf@nodesepend=\dimen370
) (c:/Users/Vineet.Dairashri/AppData/Roaming/TinyTeX/texmf-dist/tex/latex/pgf/compatibility/pgfcomp-version-1-18.sty
Package: pgfcomp-version-1-18 2023-01-15 v3.1.10 (3.1.10)
)) (c:/Users/Vineet.Dairashri/AppData/Roaming/TinyTeX/texmf-dist/tex/latex/pgf/utilities/pgffor.sty (c:/Users/Vineet.Dairashri/AppData/Roaming/TinyTeX/texmf-dist/tex/generic/pgf/utilities/pgffor.code.tex
Package: pgffor 2023-01-15 v3.1.10 (3.1.10)
\pgffor@iter=\dimen371
\pgffor@skip=\dimen372
\pgffor@stack=\toks62
\pgffor@toks=\toks63
)) (c:/Users/Vineet.Dairashri/AppData/Roaming/TinyTeX/texmf-dist/tex/generic/pgf/frontendlayer/tikz/tikz.code.tex
Package: tikz 2023-01-15 v3.1.10 (3.1.10)
(c:/Users/Vineet.Dairashri/AppData/Roaming/TinyTeX/texmf-dist/tex/generic/pgf/libraries/pgflibraryplothandlers.code.tex
File: pgflibraryplothandlers.code.tex 2023-01-15 v3.1.10 (3.1.10)
\pgf@plot@mark@count=\count396
\pgfplotmarksize=\dimen373
)
\tikz@lastx=\dimen374
\tikz@lasty=\dimen375
\tikz@lastxsaved=\dimen376
\tikz@lastysaved=\dimen377
\tikz@lastmovetox=\dimen378
\tikz@lastmovetoy=\dimen379
\tikzleveldistance=\dimen380
\tikzsiblingdistance=\dimen381
\tikz@figbox=\box92
\tikz@figbox@bg=\box93
\tikz@tempbox=\box94
\tikz@tempbox@bg=\box95
\tikztreelevel=\count397
\tikznumberofchildren=\count398
\tikznumberofcurrentchild=\count399
\tikz@fig@count=\count400
(c:/Users/Vineet.Dairashri/AppData/Roaming/TinyTeX/texmf-dist/tex/generic/pgf/modules/pgfmodulematrix.code.tex
File: pgfmodulematrix.code.tex 2023-01-15 v3.1.10 (3.1.10)
\pgfmatrixcurrentrow=\count401
\pgfmatrixcurrentcolumn=\count402
\pgf@matrix@numberofcolumns=\count403
)
\tikz@expandcount=\count404
(c:/Users/Vineet.Dairashri/AppData/Roaming/TinyTeX/texmf-dist/tex/generic/pgf/frontendlayer/tikz/libraries/tikzlibrarytopaths.code.tex
File: tikzlibrarytopaths.code.tex 2023-01-15 v3.1.10 (3.1.10)
))) (c:/Users/Vineet.Dairashri/AppData/Roaming/TinyTeX/texmf-dist/tex/generic/pgf/frontendlayer/tikz/libraries/tikzlibraryshapes.code.tex
File: tikzlibraryshapes.code.tex 2023-01-15 v3.1.10 (3.1.10)
(c:/Users/Vineet.Dairashri/AppData/Roaming/TinyTeX/texmf-dist/tex/generic/pgf/frontendlayer/tikz/libraries/tikzlibraryshapes.geometric.code.tex
File: tikzlibraryshapes.geometric.code.tex 2023-01-15 v3.1.10 (3.1.10)
(c:/Users/Vineet.Dairashri/AppData/Roaming/TinyTeX/texmf-dist/tex/generic/pgf/libraries/shapes/pgflibraryshapes.geometric.code.tex
File: pgflibraryshapes.geometric.code.tex 2023-01-15 v3.1.10 (3.1.10)
)) (c:/Users/Vineet.Dairashri/AppData/Roaming/TinyTeX/texmf-dist/tex/generic/pgf/frontendlayer/tikz/libraries/tikzlibraryshapes.misc.code.tex
File: tikzlibraryshapes.misc.code.tex 2023-01-15 v3.1.10 (3.1.10)
(c:/Users/Vineet.Dairashri/AppData/Roaming/TinyTeX/texmf-dist/tex/generic/pgf/libraries/shapes/pgflibraryshapes.misc.code.tex
File: pgflibraryshapes.misc.code.tex 2023-01-15 v3.1.10 (3.1.10)
)) (c:/Users/Vineet.Dairashri/AppData/Roaming/TinyTeX/texmf-dist/tex/generic/pgf/frontendlayer/tikz/libraries/tikzlibraryshapes.symbols.code.tex
File: tikzlibraryshapes.symbols.code.tex 2023-01-15 v3.1.10 (3.1.10)
(c:/Users/Vineet.Dairashri/AppData/Roaming/TinyTeX/texmf-dist/tex/generic/pgf/libraries/shapes/pgflibraryshapes.symbols.code.tex
File: pgflibraryshapes.symbols.code.tex 2023-01-15 v3.1.10 (3.1.10)
)) (c:/Users/Vineet.Dairashri/AppData/Roaming/TinyTeX/texmf-dist/tex/generic/pgf/frontendlayer/tikz/libraries/tikzlibraryshapes.arrows.code.tex
File: tikzlibraryshapes.arrows.code.tex 2023-01-15 v3.1.10 (3.1.10)
(c:/Users/Vineet.Dairashri/AppData/Roaming/TinyTeX/texmf-dist/tex/generic/pgf/libraries/shapes/pgflibraryshapes.arrows.code.tex
File: pgflibraryshapes.arrows.code.tex 2023-01-15 v3.1.10 (3.1.10)
)) (c:/Users/Vineet.Dairashri/AppData/Roaming/TinyTeX/texmf-dist/tex/generic/pgf/frontendlayer/tikz/libraries/tikzlibraryshapes.callouts.code.tex (c:/Users/Vineet.Dairashri/AppData/Roaming/TinyTeX/texmf-dist/tex/generic/pgf/libraries/shapes/pgflibraryshapes.callouts.code.tex)) (c:/Users/Vineet.Dairashri/AppData/Roaming/TinyTeX/texmf-dist/tex/generic/pgf/frontendlayer/tikz/libraries/tikzlibraryshapes.multipart.code.tex
File: tikzlibraryshapes.multipart.code.tex 2023-01-15 v3.1.10 (3.1.10)
(c:/Users/Vineet.Dairashri/AppData/Roaming/TinyTeX/texmf-dist/tex/generic/pgf/libraries/shapes/pgflibraryshapes.multipart.code.tex
File: pgflibraryshapes.multipart.code.tex 2023-01-15 v3.1.10 (3.1.10)
\pgfnodepartlowerbox=\box96
\pgfnodeparttwobox=\box97
\pgfnodepartthreebox=\box98
\pgfnodepartfourbox=\box99
\pgfnodeparttwentybox=\box100
\pgfnodepartnineteenbox=\box101
\pgfnodeparteighteenbox=\box102
\pgfnodepartseventeenbox=\box103
\pgfnodepartsixteenbox=\box104
\pgfnodepartfifteenbox=\box105
\pgfnodepartfourteenbox=\box106
\pgfnodepartthirteenbox=\box107
\pgfnodeparttwelvebox=\box108
\pgfnodepartelevenbox=\box109
\pgfnodeparttenbox=\box110
\pgfnodepartninebox=\box111
\pgfnodeparteightbox=\box112
\pgfnodepartsevenbox=\box113
\pgfnodepartsixbox=\box114
\pgfnodepartfivebox=\box115
))) (c:/Users/Vineet.Dairashri/AppData/Roaming/TinyTeX/texmf-dist/tex/generic/pgf/frontendlayer/tikz/libraries/tikzlibraryfit.code.tex
File: tikzlibraryfit.code.tex 2023-01-15 v3.1.10 (3.1.10)
) (c:/Users/Vineet.Dairashri/AppData/Roaming/TinyTeX/texmf-dist/tex/generic/pgf/frontendlayer/tikz/libraries/tikzlibrarycalc.code.tex
File: tikzlibrarycalc.code.tex 2023-01-15 v3.1.10 (3.1.10)
) (c:/Users/Vineet.Dairashri/AppData/Roaming/TinyTeX/texmf-dist/tex/generic/pgf/libraries/pgflibraryintersections.code.tex (c:/Users/Vineet.Dairashri/AppData/Roaming/TinyTeX/texmf-dist/tex/generic/pgf/libraries/pgflibraryfpu.code.tex)
\pgf@intersect@solutions=\count405
) (c:/Users/Vineet.Dairashri/AppData/Roaming/TinyTeX/texmf-dist/tex/latex/pgfopts/pgfopts.sty
Package: pgfopts 2014/07/10 v2.1a LaTeX package options with pgfkeys
\pgfopts@list@add@a@toks=\toks64
\pgfopts@list@add@b@toks=\toks65
) (c:/Users/Vineet.Dairashri/AppData/Roaming/TinyTeX/texmf-dist/tex/latex/elocalloc/elocalloc.sty
Package: elocalloc 2016/12/15 v0.03 local allocation for LaTeX 2015+ (DPC)
) (c:/Users/Vineet.Dairashri/AppData/Roaming/TinyTeX/texmf-dist/tex/latex/environ/environ.sty
Package: environ 2014/05/04 v0.3 A new way to define environments
(c:/Users/Vineet.Dairashri/AppData/Roaming/TinyTeX/texmf-dist/tex/latex/trimspaces/trimspaces.sty
Package: trimspaces 2009/09/17 v1.1 Trim spaces around a token list
)) (c:/Users/Vineet.Dairashri/AppData/Roaming/TinyTeX/texmf-dist/tex/latex/l3packages/xparse/xparse.sty (c:/Users/Vineet.Dairashri/AppData/Roaming/TinyTeX/texmf-dist/tex/latex/l3kernel/expl3.sty
Package: expl3 2025-06-09 L3 programming layer (loader) 
(c:/Users/Vineet.Dairashri/AppData/Roaming/TinyTeX/texmf-dist/tex/latex/l3backend/l3backend-pdftex.def
File: l3backend-pdftex.def 2025-06-09 L3 backend support: PDF output (pdfTeX)
\l__color_backend_stack_int=\count406
))
Package: xparse 2024-08-16 L3 Experimental document command parser
) (c:/Users/Vineet.Dairashri/AppData/Roaming/TinyTeX/texmf-dist/tex/latex/inlinedef/inlinedef.sty
Package: inlinedef 2008/07/10 v1.0 Inlined expansions within definitions
\ID@toks=\toks66
\ID@count=\count407
)
\ID@usercommands=\toks67
\safeloop@depth=\count408
\safeRKloop@depth=\count409
\forest@temp@dimen=\dimen382
\forest@temp@count=\count410
\forest@n=\count411
\forest@temp@global@count=\count412
\forest@temp@toks=\toks68
\forest@temparray@M=\count413
\forest@temparray@N=\count414
\forest@global@temparray@M=\count415
\forest@global@temparray@N=\count416
\forest@isnum@count=\count417
\forest@isdim@nonintpart=\count418
\forest@isdim@dimen=\dimen383
\forest@sort@m=\count419
\forest@sort@k=\count420
\forest@sort@p=\count421
\bracket@content=\toks69
\bracket@afterthought=\toks70
\forest@node@maxid=\count422
\forest@process@left@M=\count423
\forest@process@left@N=\count424
\forest@process@right@M=\count425
\forest@process@right@N=\count426
\forest@process@saved@M=\count427
\forest@process@saved@N=\count428
\forest@process@result@M=\count429
\forest@process@result@N=\count430
\forest@process@n=\count431
\forest@nodewalk@branch@toks=\toks71
\forest@nodewalk@shortsteps@resolution=\toks72
\forest@do@dynamics=\toks73
\forest@box=\box116
\forest@xg=\dimen384
\forest@yg=\dimen385
\forest@xs=\dimen386
\forest@ys=\dimen387
\forest@pi@toks=\toks74
\forest@segment@toks=\toks75
\forest@PIi@toks=\toks76
\forest@PIii@toks=\toks77
\forest@copy@in=\read5
\forest@copy@out=\write6
\forest@externalize@max@outer@n=\count432
\forest@externalize@inner@n=\count433
) (c:/Users/Vineet.Dairashri/AppData/Roaming/TinyTeX/texmf-dist/tex/generic/soul/soul.sty
Package: soul 2023-06-14 v3.1 Permit use of UTF-8 characters in soul (HO)
(c:/Users/Vineet.Dairashri/AppData/Roaming/TinyTeX/texmf-dist/tex/generic/soul/soul-ori.sty
Package: soul-ori 2023-06-14 v3.1 letterspacing/underlining (mf)
\SOUL@word=\toks78
\SOUL@lasttoken=\toks79
\SOUL@syllable=\toks80
\SOUL@cmds=\toks81
\SOUL@buffer=\toks82
\SOUL@token=\toks83
\SOUL@syllgoal=\dimen388
\SOUL@syllwidth=\dimen389
\SOUL@charkern=\dimen390
\SOUL@hyphkern=\dimen391
\SOUL@dimen=\dimen392
\SOUL@dimeni=\dimen393
\SOUL@minus=\count434
\SOUL@comma=\count435
\SOUL@apo=\count436
\SOUL@grave=\count437
\SOUL@spaceskip=\skip82
\SOUL@ttwidth=\dimen394
\SOUL@uldp=\dimen395
\SOUL@ulht=\dimen396
) (c:/Users/Vineet.Dairashri/AppData/Roaming/TinyTeX/texmf-dist/tex/generic/etexcmds/etexcmds.sty
Package: etexcmds 2019/12/15 v1.7 Avoid name clashes with e-TeX commands (HO)
)) (c:/Users/Vineet.Dairashri/AppData/Roaming/TinyTeX/texmf-dist/tex/latex/base/textcomp.sty
Package: textcomp 2024/04/24 v2.1b Standard LaTeX package
) (c:/Users/Vineet.Dairashri/AppData/Roaming/TinyTeX/texmf-dist/tex/latex/zref/zref.sty
Package: zref 2025-06-08 v2.36 A new reference scheme for LaTeX (HO)
(c:/Users/Vineet.Dairashri/AppData/Roaming/TinyTeX/texmf-dist/tex/latex/zref/zref-base.sty
Package: zref-base 2025-06-08 v2.36 Module base for zref (HO)
(c:/Users/Vineet.Dairashri/AppData/Roaming/TinyTeX/texmf-dist/tex/latex/auxhook/auxhook.sty
Package: auxhook 2019-12-17 v1.6 Hooks for auxiliary files (HO)
)
Package zref Info: New property list: main on input line 767.
Package zref Info: New property: default on input line 768.
Package zref Info: New property: page on input line 769.
)) (c:/Users/Vineet.Dairashri/AppData/Roaming/TinyTeX/texmf-dist/tex/latex/zref/zref-user.sty
Package: zref-user 2025-06-08 v2.36 Module user for zref (HO)
) (c:/Users/Vineet.Dairashri/AppData/Roaming/TinyTeX/texmf-dist/tex/latex/zref/zref-xr.sty
Package: zref-xr 2025-06-08 v2.36 Module xr for zref (HO)
Package zref Info: New property: url on input line 58.
Package zref Info: New property: urluse on input line 59.
Package zref Info: New property: externaldocument on input line 60.
\ZREF@xr@URL=\count438
) (c:/Users/Vineet.Dairashri/AppData/Roaming/TinyTeX/texmf-dist/tex/latex/mathtools/empheq.sty
Package: empheq 2024/08/09 v2.17 Emphasizing equations
\l_EQ_equationtype_int=\count439
\l_EQ_alignmentmode_int=\count440
\l_EQ_totalwidth_dim=\dimen397
\l_EQ_displaywidth_dim=\dimen398
\l_EQ_temp_linewidth_dim=\dimen399
\l_EQ_linewidth_dim=\dimen400
\EmphEqdelimitershortfall=\dimen401
\EmphEqdelimiterfactor=\count441
\g_EQ_toptag_height_dim=\dimen402
\g_EQ_bottomtag_depth_dim=\dimen403
\g_EQ_toprow_height_dim=\dimen404
\g_EQ_bottomrow_depth_dim=\dimen405
\g_EQ_widesttag_dim=\dimen406
\EQ_mathdisplay_box=\box117
\EQ_tag_box=\box118
\g_EQ_temprow_int=\count442
) (c:/Users/Vineet.Dairashri/AppData/Roaming/TinyTeX/texmf-dist/tex/latex/eurosym/eurosym.sty
Package: eurosym 1998/08/06 v1.1 European currency symbol ``Euro''
\@eurobox=\box119
) (c:/Users/Vineet.Dairashri/AppData/Roaming/TinyTeX/texmf-dist/tex/generic/pgf/frontendlayer/tikz/libraries/tikzlibraryarrows.code.tex
File: tikzlibraryarrows.code.tex 2023-01-15 v3.1.10 (3.1.10)
(c:/Users/Vineet.Dairashri/AppData/Roaming/TinyTeX/texmf-dist/tex/generic/pgf/libraries/pgflibraryarrows.code.tex
File: pgflibraryarrows.code.tex 2023-01-15 v3.1.10 (3.1.10)
\arrowsize=\dimen407
)) (c:/Users/Vineet.Dairashri/AppData/Roaming/TinyTeX/texmf-dist/tex/generic/pgf/frontendlayer/tikz/libraries/tikzlibrarydecorations.markings.code.tex (c:/Users/Vineet.Dairashri/AppData/Roaming/TinyTeX/texmf-dist/tex/generic/pgf/frontendlayer/tikz/libraries/tikzlibrarydecorations.code.tex (c:/Users/Vineet.Dairashri/AppData/Roaming/TinyTeX/texmf-dist/tex/generic/pgf/modules/pgfmoduledecorations.code.tex
\pgfdecoratedcompleteddistance=\dimen408
\pgfdecoratedremainingdistance=\dimen409
\pgfdecoratedinputsegmentcompleteddistance=\dimen410
\pgfdecoratedinputsegmentremainingdistance=\dimen411
\pgf@decorate@distancetomove=\dimen412
\pgf@decorate@repeatstate=\count443
\pgfdecorationsegmentamplitude=\dimen413
\pgfdecorationsegmentlength=\dimen414
)
\tikz@lib@dec@box=\box120
) (c:/Users/Vineet.Dairashri/AppData/Roaming/TinyTeX/texmf-dist/tex/generic/pgf/libraries/decorations/pgflibrarydecorations.markings.code.tex))
\c@thmn=\count444
(c:/Users/Vineet.Dairashri/AppData/Roaming/TinyTeX/texmf-dist/tex/latex/beamer/beamercolorthemestructure.sty) (./Slides_Induktive_Statistik.aux)
\openout1 = `Slides_Induktive_Statistik.aux'.

LaTeX Font Info:    Checking defaults for OML/cmm/m/it on input line 591.
LaTeX Font Info:    ... okay on input line 591.
LaTeX Font Info:    Checking defaults for OMS/cmsy/m/n on input line 591.
LaTeX Font Info:    ... okay on input line 591.
LaTeX Font Info:    Checking defaults for OT1/cmr/m/n on input line 591.
LaTeX Font Info:    ... okay on input line 591.
LaTeX Font Info:    Checking defaults for T1/cmr/m/n on input line 591.
LaTeX Font Info:    ... okay on input line 591.
LaTeX Font Info:    Checking defaults for TS1/cmr/m/n on input line 591.
LaTeX Font Info:    ... okay on input line 591.
LaTeX Font Info:    Checking defaults for OMX/cmex/m/n on input line 591.
LaTeX Font Info:    ... okay on input line 591.
LaTeX Font Info:    Checking defaults for U/cmr/m/n on input line 591.
LaTeX Font Info:    ... okay on input line 591.
LaTeX Font Info:    Checking defaults for PD1/pdf/m/n on input line 591.
LaTeX Font Info:    ... okay on input line 591.
LaTeX Font Info:    Checking defaults for PU/pdf/m/n on input line 591.
LaTeX Font Info:    ... okay on input line 591.
*geometry* driver: auto-detecting
*geometry* detected driver: pdftex
*geometry* verbose mode - [ preamble ] result:
* driver: pdftex
* paper: custom
* layout: <same size as paper>
* layoutoffset:(h,v)=(0.0pt,0.0pt)
* modes: includehead includefoot 
* h-part:(L,W,R)=(10.0pt, 435.24408pt, 10.0pt)
* v-part:(T,H,B)=(0.0pt, 256.0748pt, 0.0pt)
* \paperwidth=455.24408pt
* \paperheight=256.0748pt
* \textwidth=435.24408pt
* \textheight=227.62207pt
* \oddsidemargin=-62.26999pt
* \evensidemargin=-62.26999pt
* \topmargin=-72.26999pt
* \headheight=14.22636pt
* \headsep=0.0pt
* \topskip=10.0pt
* \footskip=14.22636pt
* \marginparwidth=3.0pt
* \marginparsep=11.0pt
* \columnsep=10.0pt
* \skip\footins=9.0pt plus 4.0pt minus 2.0pt
* \hoffset=0.0pt
* \voffset=0.0pt
* \mag=1000
* \@twocolumnfalse
* \@twosidefalse
* \@mparswitchfalse
* \@reversemarginfalse
* (1in=72.27pt=25.4mm, 1cm=28.453pt)

(c:/Users/Vineet.Dairashri/AppData/Roaming/TinyTeX/texmf-dist/tex/latex/epstopdf-pkg/epstopdf-base.sty
Package: epstopdf-base 2020-01-24 v2.11 Base part for package epstopdf
Package epstopdf-base Info: Redefining graphics rule for `.eps' on input line 485.
(c:/Users/Vineet.Dairashri/AppData/Roaming/TinyTeX/texmf-dist/tex/latex/latexconfig/epstopdf-sys.cfg
File: epstopdf-sys.cfg 2010/07/13 v1.3 Configuration of (r)epstopdf for TeX Live
))
Package hyperref Info: Link coloring ON on input line 591.
(./Slides_Induktive_Statistik.out) (./Slides_Induktive_Statistik.out)
\@outlinefile=\write7
\openout7 = `Slides_Induktive_Statistik.out'.

LaTeX Font Info:    Overwriting symbol font `operators' in version `normal'
(Font)                  OT1/lmr/m/n --> OT1/cmss/m/n on input line 591.
LaTeX Font Info:    Overwriting symbol font `operators' in version `bold'
(Font)                  OT1/lmr/bx/n --> OT1/cmss/b/n on input line 591.
LaTeX Font Info:    Overwriting symbol font `operators' in version `normal'
(Font)                  OT1/cmss/m/n --> OT1/lmss/m/n on input line 591.
LaTeX Font Info:    Overwriting symbol font `operators' in version `bold'
(Font)                  OT1/cmss/b/n --> OT1/lmss/b/n on input line 591.
\symnumbers=\mathgroup9
\sympureletters=\mathgroup10
LaTeX Font Info:    Overwriting math alphabet `\mathrm' in version `normal'
(Font)                  OT1/lmss/m/n --> T1/lmr/m/n on input line 591.
LaTeX Font Info:    Redeclaring math alphabet \mathbf on input line 591.
LaTeX Font Info:    Redeclaring math alphabet \mathsf on input line 591.
LaTeX Font Info:    Overwriting math alphabet `\mathsf' in version `normal'
(Font)                  OT1/lmss/m/n --> T1/lmss/m/n on input line 591.
LaTeX Font Info:    Overwriting math alphabet `\mathsf' in version `bold'
(Font)                  OT1/lmss/bx/n --> T1/lmss/m/n on input line 591.
LaTeX Font Info:    Redeclaring math alphabet \mathit on input line 591.
LaTeX Font Info:    Overwriting math alphabet `\mathit' in version `normal'
(Font)                  OT1/lmr/m/it --> T1/lmss/m/it on input line 591.
LaTeX Font Info:    Overwriting math alphabet `\mathit' in version `bold'
(Font)                  OT1/lmr/bx/it --> T1/lmss/m/it on input line 591.
LaTeX Font Info:    Redeclaring math alphabet \mathtt on input line 591.
LaTeX Font Info:    Overwriting math alphabet `\mathtt' in version `normal'
(Font)                  OT1/lmtt/m/n --> T1/lmtt/m/n on input line 591.
LaTeX Font Info:    Overwriting math alphabet `\mathtt' in version `bold'
(Font)                  OT1/lmtt/m/n --> T1/lmtt/m/n on input line 591.
LaTeX Font Info:    Overwriting symbol font `numbers' in version `bold'
(Font)                  T1/lmss/m/n --> T1/lmss/b/n on input line 591.
LaTeX Font Info:    Overwriting symbol font `pureletters' in version `bold'
(Font)                  T1/lmss/m/it --> T1/lmss/b/it on input line 591.
LaTeX Font Info:    Overwriting math alphabet `\mathrm' in version `bold'
(Font)                  OT1/lmss/b/n --> T1/lmr/b/n on input line 591.
LaTeX Font Info:    Overwriting math alphabet `\mathbf' in version `bold'
(Font)                  T1/lmss/b/n --> T1/lmss/b/n on input line 591.
LaTeX Font Info:    Overwriting math alphabet `\mathsf' in version `bold'
(Font)                  T1/lmss/m/n --> T1/lmss/b/n on input line 591.
LaTeX Font Info:    Overwriting math alphabet `\mathit' in version `bold'
(Font)                  T1/lmss/m/it --> T1/lmss/b/it on input line 591.
LaTeX Font Info:    Overwriting math alphabet `\mathtt' in version `bold'
(Font)                  T1/lmtt/m/n --> T1/lmtt/b/n on input line 591.
(c:/Users/Vineet.Dairashri/AppData/Roaming/TinyTeX/texmf-dist/tex/latex/translator/translator-basic-dictionary-English.dict
Dictionary: translator-basic-dictionary, Language: English 
) (c:/Users/Vineet.Dairashri/AppData/Roaming/TinyTeX/texmf-dist/tex/latex/translator/translator-bibliography-dictionary-English.dict
Dictionary: translator-bibliography-dictionary, Language: English 
) (c:/Users/Vineet.Dairashri/AppData/Roaming/TinyTeX/texmf-dist/tex/latex/translator/translator-environment-dictionary-English.dict
Dictionary: translator-environment-dictionary, Language: English 
) (c:/Users/Vineet.Dairashri/AppData/Roaming/TinyTeX/texmf-dist/tex/latex/translator/translator-months-dictionary-English.dict
Dictionary: translator-months-dictionary, Language: English 
) (c:/Users/Vineet.Dairashri/AppData/Roaming/TinyTeX/texmf-dist/tex/latex/translator/translator-numbers-dictionary-English.dict
Dictionary: translator-numbers-dictionary, Language: English 
) (c:/Users/Vineet.Dairashri/AppData/Roaming/TinyTeX/texmf-dist/tex/latex/translator/translator-theorem-dictionary-English.dict
Dictionary: translator-theorem-dictionary, Language: English 
)
Package caption Info: Begin \AtBeginDocument code.
Package caption Info: subfig package v1.3 is loaded.
Package caption Info: End \AtBeginDocument code.
(./Slides_Induktive_Statistik.nav)

<C:/Users/Vineet.Dairashri/AppData/Local/R/win-library/4.3/runidue/rmarkdown/templates/lectureslides/resources/duetower.pdf, id=23, 1456.44125pt x 1092.08pt>
File: C:/Users/Vineet.Dairashri/AppData/Local/R/win-library/4.3/runidue/rmarkdown/templates/lectureslides/resources/duetower.pdf Graphic file (type pdf)
<use C:/Users/Vineet.Dairashri/AppData/Local/R/win-library/4.3/runidue/rmarkdown/templates/lectureslides/resources/duetower.pdf>
Package pdftex.def Info: C:/Users/Vineet.Dairashri/AppData/Local/R/win-library/4.3/runidue/rmarkdown/templates/lectureslides/resources/duetower.pdf  used on input line 595.
(pdftex.def)             Requested size: 364.10942pt x 273.01933pt.
[1

{c:/Users/Vineet.Dairashri/AppData/Roaming/TinyTeX/texmf-var/fonts/map/pdftex/updmap/pdftex.map}{c:/Users/Vineet.Dairashri/AppData/Roaming/TinyTeX/texmf-dist/fonts/enc/dvips/lm/lm-ec.enc} <c:/Users/Vineet.Dairashri/AppData/Local/R/win-library/4.3/runidue/rmarkdown/templates/lectureslides/resources/duetower.pdf>] (./Slides_Induktive_Statistik.toc)
<C:/Users/Vineet.Dairashri/AppData/Local/R/win-library/4.3/runidue/rmarkdown/templates/lectureslides/resources/duelogo.pdf, id=44, 845.1575pt x 210.7875pt>
File: C:/Users/Vineet.Dairashri/AppData/Local/R/win-library/4.3/runidue/rmarkdown/templates/lectureslides/resources/duelogo.pdf Graphic file (type pdf)
<use C:/Users/Vineet.Dairashri/AppData/Local/R/win-library/4.3/runidue/rmarkdown/templates/lectureslides/resources/duelogo.pdf>
Package pdftex.def Info: C:/Users/Vineet.Dairashri/AppData/Local/R/win-library/4.3/runidue/rmarkdown/templates/lectureslides/resources/duelogo.pdf  used on input line 599.
(pdftex.def)             Requested size: 56.9055pt x 14.19055pt.


[2

 <c:/Users/Vineet.Dairashri/AppData/Local/R/win-library/4.3/runidue/rmarkdown/templates/lectureslides/resources/duelogo.pdf>]
LaTeX Font Info:    Trying to load font information for OT1+lmss on input line 614.
(c:/Users/Vineet.Dairashri/AppData/Roaming/TinyTeX/texmf-dist/tex/latex/lm/ot1lmss.fd
File: ot1lmss.fd 2015/05/01 v1.6.1 Font defs for Latin Modern
)
LaTeX Font Info:    Trying to load font information for OML+lmm on input line 614.
(c:/Users/Vineet.Dairashri/AppData/Roaming/TinyTeX/texmf-dist/tex/latex/lm/omllmm.fd
File: omllmm.fd 2015/05/01 v1.6.1 Font defs for Latin Modern
)
LaTeX Font Info:    Trying to load font information for OMS+lmsy on input line 614.
(c:/Users/Vineet.Dairashri/AppData/Roaming/TinyTeX/texmf-dist/tex/latex/lm/omslmsy.fd
File: omslmsy.fd 2015/05/01 v1.6.1 Font defs for Latin Modern
)
LaTeX Font Info:    Trying to load font information for OMX+lmex on input line 614.
(c:/Users/Vineet.Dairashri/AppData/Roaming/TinyTeX/texmf-dist/tex/latex/lm/omxlmex.fd
File: omxlmex.fd 2015/05/01 v1.6.1 Font defs for Latin Modern
)
LaTeX Font Info:    External font `lmex10' loaded for size
(Font)              <10> on input line 614.
LaTeX Font Info:    External font `lmex10' loaded for size
(Font)              <7> on input line 614.
LaTeX Font Info:    External font `lmex10' loaded for size
(Font)              <5> on input line 614.
LaTeX Font Info:    Trying to load font information for U+msa on input line 614.
(c:/Users/Vineet.Dairashri/AppData/Roaming/TinyTeX/texmf-dist/tex/latex/amsfonts/umsa.fd
File: umsa.fd 2013/01/14 v3.01 AMS symbols A
)
LaTeX Font Info:    Trying to load font information for U+msb on input line 614.
(c:/Users/Vineet.Dairashri/AppData/Roaming/TinyTeX/texmf-dist/tex/latex/amsfonts/umsb.fd
File: umsb.fd 2013/01/14 v3.01 AMS symbols B
)
LaTeX Font Info:    Trying to load font information for OT1+lmr on input line 614.
(c:/Users/Vineet.Dairashri/AppData/Roaming/TinyTeX/texmf-dist/tex/latex/lm/ot1lmr.fd
File: ot1lmr.fd 2015/05/01 v1.6.1 Font defs for Latin Modern
)
LaTeX Font Info:    Font shape `T1/lmss/m/it' in size <10> not available
(Font)              Font shape `T1/lmss/m/sl' tried instead on input line 614.
LaTeX Font Info:    Font shape `T1/lmss/m/it' in size <7> not available
(Font)              Font shape `T1/lmss/m/sl' tried instead on input line 614.
LaTeX Font Info:    Font shape `T1/lmss/m/it' in size <5> not available
(Font)              Font shape `T1/lmss/m/sl' tried instead on input line 614.
File: C:/Users/Vineet.Dairashri/AppData/Local/R/win-library/4.3/runidue/rmarkdown/templates/lectureslides/resources/duelogo.pdf Graphic file (type pdf)
<use C:/Users/Vineet.Dairashri/AppData/Local/R/win-library/4.3/runidue/rmarkdown/templates/lectureslides/resources/duelogo.pdf>
Package pdftex.def Info: C:/Users/Vineet.Dairashri/AppData/Local/R/win-library/4.3/runidue/rmarkdown/templates/lectureslides/resources/duelogo.pdf  used on input line 614.
(pdftex.def)             Requested size: 56.9055pt x 14.19055pt.


[3

{c:/Users/Vineet.Dairashri/AppData/Roaming/TinyTeX/texmf-dist/fonts/enc/dvips/lm/lm-mathsy.enc}]
<Resources/Plots/unnamed-chunk-2-1.pdf, id=71, 299.6003pt x 191.24048pt>
File: Resources/Plots/unnamed-chunk-2-1.pdf Graphic file (type pdf)
<use Resources/Plots/unnamed-chunk-2-1.pdf>
Package pdftex.def Info: Resources/Plots/unnamed-chunk-2-1.pdf  used on input line 623.
(pdftex.def)             Requested size: 299.59955pt x 191.24pt.
File: C:/Users/Vineet.Dairashri/AppData/Local/R/win-library/4.3/runidue/rmarkdown/templates/lectureslides/resources/duelogo.pdf Graphic file (type pdf)
<use C:/Users/Vineet.Dairashri/AppData/Local/R/win-library/4.3/runidue/rmarkdown/templates/lectureslides/resources/duelogo.pdf>
Package pdftex.def Info: C:/Users/Vineet.Dairashri/AppData/Local/R/win-library/4.3/runidue/rmarkdown/templates/lectureslides/resources/duelogo.pdf  used on input line 623.
(pdftex.def)             Requested size: 56.9055pt x 14.19055pt.

Overfull \vbox (1.0748pt too high) detected at line 623
 []



[4

 <./Resources/Plots/unnamed-chunk-2-1.pdf>]
File: C:/Users/Vineet.Dairashri/AppData/Local/R/win-library/4.3/runidue/rmarkdown/templates/lectureslides/resources/duelogo.pdf Graphic file (type pdf)
<use C:/Users/Vineet.Dairashri/AppData/Local/R/win-library/4.3/runidue/rmarkdown/templates/lectureslides/resources/duelogo.pdf>
Package pdftex.def Info: C:/Users/Vineet.Dairashri/AppData/Local/R/win-library/4.3/runidue/rmarkdown/templates/lectureslides/resources/duelogo.pdf  used on input line 641.
(pdftex.def)             Requested size: 56.9055pt x 14.19055pt.


[5

]
File: C:/Users/Vineet.Dairashri/AppData/Local/R/win-library/4.3/runidue/rmarkdown/templates/lectureslides/resources/duelogo.pdf Graphic file (type pdf)
<use C:/Users/Vineet.Dairashri/AppData/Local/R/win-library/4.3/runidue/rmarkdown/templates/lectureslides/resources/duelogo.pdf>
Package pdftex.def Info: C:/Users/Vineet.Dairashri/AppData/Local/R/win-library/4.3/runidue/rmarkdown/templates/lectureslides/resources/duelogo.pdf  used on input line 658.
(pdftex.def)             Requested size: 56.9055pt x 14.19055pt.


[6

]
<C:/Users/Vineet.Dairashri/AppData/Local/R/win-library/4.3/runidue/rmarkdown/templates/lectureslides/resources/QuizAcademy.png, id=112, 301.125pt x 75.28125pt>
File: C:/Users/Vineet.Dairashri/AppData/Local/R/win-library/4.3/runidue/rmarkdown/templates/lectureslides/resources/QuizAcademy.png Graphic file (type png)
<use C:/Users/Vineet.Dairashri/AppData/Local/R/win-library/4.3/runidue/rmarkdown/templates/lectureslides/resources/QuizAcademy.png>
Package pdftex.def Info: C:/Users/Vineet.Dairashri/AppData/Local/R/win-library/4.3/runidue/rmarkdown/templates/lectureslides/resources/QuizAcademy.png  used on input line 665.
(pdftex.def)             Requested size: 108.81102pt x 27.2023pt.
File: C:/Users/Vineet.Dairashri/AppData/Local/R/win-library/4.3/runidue/rmarkdown/templates/lectureslides/resources/duelogo.pdf Graphic file (type pdf)
<use C:/Users/Vineet.Dairashri/AppData/Local/R/win-library/4.3/runidue/rmarkdown/templates/lectureslides/resources/duelogo.pdf>
Package pdftex.def Info: C:/Users/Vineet.Dairashri/AppData/Local/R/win-library/4.3/runidue/rmarkdown/templates/lectureslides/resources/duelogo.pdf  used on input line 665.
(pdftex.def)             Requested size: 56.9055pt x 14.19055pt.


[7

 <c:/Users/Vineet.Dairashri/AppData/Local/R/win-library/4.3/runidue/rmarkdown/templates/lectureslides/resources/QuizAcademy.png>]
File: C:/Users/Vineet.Dairashri/AppData/Local/R/win-library/4.3/runidue/rmarkdown/templates/lectureslides/resources/QuizAcademy.png Graphic file (type png)
<use C:/Users/Vineet.Dairashri/AppData/Local/R/win-library/4.3/runidue/rmarkdown/templates/lectureslides/resources/QuizAcademy.png>
Package pdftex.def Info: C:/Users/Vineet.Dairashri/AppData/Local/R/win-library/4.3/runidue/rmarkdown/templates/lectureslides/resources/QuizAcademy.png  used on input line 676.
(pdftex.def)             Requested size: 108.81102pt x 27.2023pt.
File: C:/Users/Vineet.Dairashri/AppData/Local/R/win-library/4.3/runidue/rmarkdown/templates/lectureslides/resources/QuizAcademy.png Graphic file (type png)
<use C:/Users/Vineet.Dairashri/AppData/Local/R/win-library/4.3/runidue/rmarkdown/templates/lectureslides/resources/QuizAcademy.png>
Package pdftex.def Info: C:/Users/Vineet.Dairashri/AppData/Local/R/win-library/4.3/runidue/rmarkdown/templates/lectureslides/resources/QuizAcademy.png  used on input line 676.
(pdftex.def)             Requested size: 108.81102pt x 27.2023pt.
File: C:/Users/Vineet.Dairashri/AppData/Local/R/win-library/4.3/runidue/rmarkdown/templates/lectureslides/resources/duelogo.pdf Graphic file (type pdf)
<use C:/Users/Vineet.Dairashri/AppData/Local/R/win-library/4.3/runidue/rmarkdown/templates/lectureslides/resources/duelogo.pdf>
Package pdftex.def Info: C:/Users/Vineet.Dairashri/AppData/Local/R/win-library/4.3/runidue/rmarkdown/templates/lectureslides/resources/duelogo.pdf  used on input line 676.
(pdftex.def)             Requested size: 56.9055pt x 14.19055pt.


[8

]
<Resources/Grafiken/Schaetzen.jpg, id=136, 903.375pt x 677.53125pt>
File: Resources/Grafiken/Schaetzen.jpg Graphic file (type jpg)
<use Resources/Grafiken/Schaetzen.jpg>
Package pdftex.def Info: Resources/Grafiken/Schaetzen.jpg  used on input line 684.
(pdftex.def)             Requested size: 194.40103pt x 145.80591pt.
File: C:/Users/Vineet.Dairashri/AppData/Local/R/win-library/4.3/runidue/rmarkdown/templates/lectureslides/resources/duelogo.pdf Graphic file (type pdf)
<use C:/Users/Vineet.Dairashri/AppData/Local/R/win-library/4.3/runidue/rmarkdown/templates/lectureslides/resources/duelogo.pdf>
Package pdftex.def Info: C:/Users/Vineet.Dairashri/AppData/Local/R/win-library/4.3/runidue/rmarkdown/templates/lectureslides/resources/duelogo.pdf  used on input line 684.
(pdftex.def)             Requested size: 56.9055pt x 14.19055pt.


[9

 <./Resources/Grafiken/Schaetzen.jpg>]
LaTeX Font Info:    External font `lmex10' loaded for size
(Font)              <9> on input line 707.
LaTeX Font Info:    External font `lmex10' loaded for size
(Font)              <6> on input line 707.
LaTeX Font Info:    Font shape `T1/lmss/m/it' in size <9> not available
(Font)              Font shape `T1/lmss/m/sl' tried instead on input line 707.
LaTeX Font Info:    Font shape `T1/lmss/m/it' in size <6> not available
(Font)              Font shape `T1/lmss/m/sl' tried instead on input line 707.
File: C:/Users/Vineet.Dairashri/AppData/Local/R/win-library/4.3/runidue/rmarkdown/templates/lectureslides/resources/duelogo.pdf Graphic file (type pdf)
<use C:/Users/Vineet.Dairashri/AppData/Local/R/win-library/4.3/runidue/rmarkdown/templates/lectureslides/resources/duelogo.pdf>
Package pdftex.def Info: C:/Users/Vineet.Dairashri/AppData/Local/R/win-library/4.3/runidue/rmarkdown/templates/lectureslides/resources/duelogo.pdf  used on input line 707.
(pdftex.def)             Requested size: 56.9055pt x 14.19055pt.


[10

]
File: C:/Users/Vineet.Dairashri/AppData/Local/R/win-library/4.3/runidue/rmarkdown/templates/lectureslides/resources/duelogo.pdf Graphic file (type pdf)
<use C:/Users/Vineet.Dairashri/AppData/Local/R/win-library/4.3/runidue/rmarkdown/templates/lectureslides/resources/duelogo.pdf>
Package pdftex.def Info: C:/Users/Vineet.Dairashri/AppData/Local/R/win-library/4.3/runidue/rmarkdown/templates/lectureslides/resources/duelogo.pdf  used on input line 730.
(pdftex.def)             Requested size: 56.9055pt x 14.19055pt.


[11

] (./Slides_Induktive_Statistik.toc)
File: C:/Users/Vineet.Dairashri/AppData/Local/R/win-library/4.3/runidue/rmarkdown/templates/lectureslides/resources/duelogo.pdf Graphic file (type pdf)
<use C:/Users/Vineet.Dairashri/AppData/Local/R/win-library/4.3/runidue/rmarkdown/templates/lectureslides/resources/duelogo.pdf>
Package pdftex.def Info: C:/Users/Vineet.Dairashri/AppData/Local/R/win-library/4.3/runidue/rmarkdown/templates/lectureslides/resources/duelogo.pdf  used on input line 732.
(pdftex.def)             Requested size: 56.9055pt x 14.19055pt.


[12

]
File: C:/Users/Vineet.Dairashri/AppData/Local/R/win-library/4.3/runidue/rmarkdown/templates/lectureslides/resources/duelogo.pdf Graphic file (type pdf)
<use C:/Users/Vineet.Dairashri/AppData/Local/R/win-library/4.3/runidue/rmarkdown/templates/lectureslides/resources/duelogo.pdf>
Package pdftex.def Info: C:/Users/Vineet.Dairashri/AppData/Local/R/win-library/4.3/runidue/rmarkdown/templates/lectureslides/resources/duelogo.pdf  used on input line 758.
(pdftex.def)             Requested size: 56.9055pt x 14.19055pt.


[13

]
File: C:/Users/Vineet.Dairashri/AppData/Local/R/win-library/4.3/runidue/rmarkdown/templates/lectureslides/resources/duelogo.pdf Graphic file (type pdf)
<use C:/Users/Vineet.Dairashri/AppData/Local/R/win-library/4.3/runidue/rmarkdown/templates/lectureslides/resources/duelogo.pdf>
Package pdftex.def Info: C:/Users/Vineet.Dairashri/AppData/Local/R/win-library/4.3/runidue/rmarkdown/templates/lectureslides/resources/duelogo.pdf  used on input line 783.
(pdftex.def)             Requested size: 56.9055pt x 14.19055pt.


[14

]
File: C:/Users/Vineet.Dairashri/AppData/Local/R/win-library/4.3/runidue/rmarkdown/templates/lectureslides/resources/duelogo.pdf Graphic file (type pdf)
<use C:/Users/Vineet.Dairashri/AppData/Local/R/win-library/4.3/runidue/rmarkdown/templates/lectureslides/resources/duelogo.pdf>
Package pdftex.def Info: C:/Users/Vineet.Dairashri/AppData/Local/R/win-library/4.3/runidue/rmarkdown/templates/lectureslides/resources/duelogo.pdf  used on input line 805.
(pdftex.def)             Requested size: 56.9055pt x 14.19055pt.


[15

{c:/Users/Vineet.Dairashri/AppData/Roaming/TinyTeX/texmf-dist/fonts/enc/dvips/lm/lm-mathit.enc}{c:/Users/Vineet.Dairashri/AppData/Roaming/TinyTeX/texmf-dist/fonts/enc/dvips/lm/lm-rm.enc}]
File: C:/Users/Vineet.Dairashri/AppData/Local/R/win-library/4.3/runidue/rmarkdown/templates/lectureslides/resources/duelogo.pdf Graphic file (type pdf)
<use C:/Users/Vineet.Dairashri/AppData/Local/R/win-library/4.3/runidue/rmarkdown/templates/lectureslides/resources/duelogo.pdf>
Package pdftex.def Info: C:/Users/Vineet.Dairashri/AppData/Local/R/win-library/4.3/runidue/rmarkdown/templates/lectureslides/resources/duelogo.pdf  used on input line 817.
(pdftex.def)             Requested size: 56.9055pt x 14.19055pt.


[16

]
File: C:/Users/Vineet.Dairashri/AppData/Local/R/win-library/4.3/runidue/rmarkdown/templates/lectureslides/resources/duelogo.pdf Graphic file (type pdf)
<use C:/Users/Vineet.Dairashri/AppData/Local/R/win-library/4.3/runidue/rmarkdown/templates/lectureslides/resources/duelogo.pdf>
Package pdftex.def Info: C:/Users/Vineet.Dairashri/AppData/Local/R/win-library/4.3/runidue/rmarkdown/templates/lectureslides/resources/duelogo.pdf  used on input line 834.
(pdftex.def)             Requested size: 56.9055pt x 14.19055pt.


[17

{c:/Users/Vineet.Dairashri/AppData/Roaming/TinyTeX/texmf-dist/fonts/enc/dvips/lm/lm-mathex.enc}]
File: C:/Users/Vineet.Dairashri/AppData/Local/R/win-library/4.3/runidue/rmarkdown/templates/lectureslides/resources/duelogo.pdf Graphic file (type pdf)
<use C:/Users/Vineet.Dairashri/AppData/Local/R/win-library/4.3/runidue/rmarkdown/templates/lectureslides/resources/duelogo.pdf>
Package pdftex.def Info: C:/Users/Vineet.Dairashri/AppData/Local/R/win-library/4.3/runidue/rmarkdown/templates/lectureslides/resources/duelogo.pdf  used on input line 847.
(pdftex.def)             Requested size: 56.9055pt x 14.19055pt.


[18

]
File: C:/Users/Vineet.Dairashri/AppData/Local/R/win-library/4.3/runidue/rmarkdown/templates/lectureslides/resources/duelogo.pdf Graphic file (type pdf)
<use C:/Users/Vineet.Dairashri/AppData/Local/R/win-library/4.3/runidue/rmarkdown/templates/lectureslides/resources/duelogo.pdf>
Package pdftex.def Info: C:/Users/Vineet.Dairashri/AppData/Local/R/win-library/4.3/runidue/rmarkdown/templates/lectureslides/resources/duelogo.pdf  used on input line 874.
(pdftex.def)             Requested size: 56.9055pt x 14.19055pt.


[19

]
File: C:/Users/Vineet.Dairashri/AppData/Local/R/win-library/4.3/runidue/rmarkdown/templates/lectureslides/resources/duelogo.pdf Graphic file (type pdf)
<use C:/Users/Vineet.Dairashri/AppData/Local/R/win-library/4.3/runidue/rmarkdown/templates/lectureslides/resources/duelogo.pdf>
Package pdftex.def Info: C:/Users/Vineet.Dairashri/AppData/Local/R/win-library/4.3/runidue/rmarkdown/templates/lectureslides/resources/duelogo.pdf  used on input line 897.
(pdftex.def)             Requested size: 56.9055pt x 14.19055pt.


[20

]
File: C:/Users/Vineet.Dairashri/AppData/Local/R/win-library/4.3/runidue/rmarkdown/templates/lectureslides/resources/duelogo.pdf Graphic file (type pdf)
<use C:/Users/Vineet.Dairashri/AppData/Local/R/win-library/4.3/runidue/rmarkdown/templates/lectureslides/resources/duelogo.pdf>
Package pdftex.def Info: C:/Users/Vineet.Dairashri/AppData/Local/R/win-library/4.3/runidue/rmarkdown/templates/lectureslides/resources/duelogo.pdf  used on input line 918.
(pdftex.def)             Requested size: 56.9055pt x 14.19055pt.


[21

]
File: C:/Users/Vineet.Dairashri/AppData/Local/R/win-library/4.3/runidue/rmarkdown/templates/lectureslides/resources/duelogo.pdf Graphic file (type pdf)
<use C:/Users/Vineet.Dairashri/AppData/Local/R/win-library/4.3/runidue/rmarkdown/templates/lectureslides/resources/duelogo.pdf>
Package pdftex.def Info: C:/Users/Vineet.Dairashri/AppData/Local/R/win-library/4.3/runidue/rmarkdown/templates/lectureslides/resources/duelogo.pdf  used on input line 931.
(pdftex.def)             Requested size: 56.9055pt x 14.19055pt.


[22

]
<Resources/Plots/Vereinigung-1.pdf, id=288, 208.5401pt x 99.26987pt>
File: Resources/Plots/Vereinigung-1.pdf Graphic file (type pdf)
<use Resources/Plots/Vereinigung-1.pdf>
Package pdftex.def Info: Resources/Plots/Vereinigung-1.pdf  used on input line 960.
(pdftex.def)             Requested size: 208.53958pt x 99.2696pt.
File: C:/Users/Vineet.Dairashri/AppData/Local/R/win-library/4.3/runidue/rmarkdown/templates/lectureslides/resources/duelogo.pdf Graphic file (type pdf)
<use C:/Users/Vineet.Dairashri/AppData/Local/R/win-library/4.3/runidue/rmarkdown/templates/lectureslides/resources/duelogo.pdf>
Package pdftex.def Info: C:/Users/Vineet.Dairashri/AppData/Local/R/win-library/4.3/runidue/rmarkdown/templates/lectureslides/resources/duelogo.pdf  used on input line 960.
(pdftex.def)             Requested size: 56.9055pt x 14.19055pt.


[23

 <./Resources/Plots/Vereinigung-1.pdf>]
<Resources/Plots/Durchschnitt-1.pdf, id=313, 172.12004pt x 108.3799pt>
File: Resources/Plots/Durchschnitt-1.pdf Graphic file (type pdf)
<use Resources/Plots/Durchschnitt-1.pdf>
Package pdftex.def Info: Resources/Plots/Durchschnitt-1.pdf  used on input line 983.
(pdftex.def)             Requested size: 172.11961pt x 108.37961pt.
File: C:/Users/Vineet.Dairashri/AppData/Local/R/win-library/4.3/runidue/rmarkdown/templates/lectureslides/resources/duelogo.pdf Graphic file (type pdf)
<use C:/Users/Vineet.Dairashri/AppData/Local/R/win-library/4.3/runidue/rmarkdown/templates/lectureslides/resources/duelogo.pdf>
Package pdftex.def Info: C:/Users/Vineet.Dairashri/AppData/Local/R/win-library/4.3/runidue/rmarkdown/templates/lectureslides/resources/duelogo.pdf  used on input line 983.
(pdftex.def)             Requested size: 56.9055pt x 14.19055pt.


[24

 <./Resources/Plots/Durchschnitt-1.pdf>]
<Resources/Plots/Komplementaerereignis-1.pdf, id=335, 117.4799pt x 72.8602pt>
File: Resources/Plots/Komplementaerereignis-1.pdf Graphic file (type pdf)
<use Resources/Plots/Komplementaerereignis-1.pdf>
Package pdftex.def Info: Resources/Plots/Komplementaerereignis-1.pdf  used on input line 1010.
(pdftex.def)             Requested size: 117.4796pt x 72.86002pt.
File: C:/Users/Vineet.Dairashri/AppData/Local/R/win-library/4.3/runidue/rmarkdown/templates/lectureslides/resources/duelogo.pdf Graphic file (type pdf)
<use C:/Users/Vineet.Dairashri/AppData/Local/R/win-library/4.3/runidue/rmarkdown/templates/lectureslides/resources/duelogo.pdf>
Package pdftex.def Info: C:/Users/Vineet.Dairashri/AppData/Local/R/win-library/4.3/runidue/rmarkdown/templates/lectureslides/resources/duelogo.pdf  used on input line 1010.
(pdftex.def)             Requested size: 56.9055pt x 14.19055pt.


[25

 <./Resources/Plots/Komplementaerereignis-1.pdf>]
<Resources/Plots/Disjunkt-1.pdf, id=357, 172.12004pt x 108.3799pt>
File: Resources/Plots/Disjunkt-1.pdf Graphic file (type pdf)
<use Resources/Plots/Disjunkt-1.pdf>
Package pdftex.def Info: Resources/Plots/Disjunkt-1.pdf  used on input line 1034.
(pdftex.def)             Requested size: 172.11961pt x 108.37961pt.
File: C:/Users/Vineet.Dairashri/AppData/Local/R/win-library/4.3/runidue/rmarkdown/templates/lectureslides/resources/duelogo.pdf Graphic file (type pdf)
<use C:/Users/Vineet.Dairashri/AppData/Local/R/win-library/4.3/runidue/rmarkdown/templates/lectureslides/resources/duelogo.pdf>
Package pdftex.def Info: C:/Users/Vineet.Dairashri/AppData/Local/R/win-library/4.3/runidue/rmarkdown/templates/lectureslides/resources/duelogo.pdf  used on input line 1034.
(pdftex.def)             Requested size: 56.9055pt x 14.19055pt.


[26

 <./Resources/Plots/Disjunkt-1.pdf>]
File: C:/Users/Vineet.Dairashri/AppData/Local/R/win-library/4.3/runidue/rmarkdown/templates/lectureslides/resources/duelogo.pdf Graphic file (type pdf)
<use C:/Users/Vineet.Dairashri/AppData/Local/R/win-library/4.3/runidue/rmarkdown/templates/lectureslides/resources/duelogo.pdf>
Package pdftex.def Info: C:/Users/Vineet.Dairashri/AppData/Local/R/win-library/4.3/runidue/rmarkdown/templates/lectureslides/resources/duelogo.pdf  used on input line 1054.
(pdftex.def)             Requested size: 56.9055pt x 14.19055pt.


[27

]
<Resources/Plots/Differenzmenge-1.pdf, id=389, 124.77014pt x 77.59991pt>
File: Resources/Plots/Differenzmenge-1.pdf Graphic file (type pdf)
<use Resources/Plots/Differenzmenge-1.pdf>
Package pdftex.def Info: Resources/Plots/Differenzmenge-1.pdf  used on input line 1083.
(pdftex.def)             Requested size: 124.76982pt x 77.59972pt.
File: C:/Users/Vineet.Dairashri/AppData/Local/R/win-library/4.3/runidue/rmarkdown/templates/lectureslides/resources/duelogo.pdf Graphic file (type pdf)
<use C:/Users/Vineet.Dairashri/AppData/Local/R/win-library/4.3/runidue/rmarkdown/templates/lectureslides/resources/duelogo.pdf>
Package pdftex.def Info: C:/Users/Vineet.Dairashri/AppData/Local/R/win-library/4.3/runidue/rmarkdown/templates/lectureslides/resources/duelogo.pdf  used on input line 1083.
(pdftex.def)             Requested size: 56.9055pt x 14.19055pt.


[28

 <./Resources/Plots/Differenzmenge-1.pdf>]
File: C:/Users/Vineet.Dairashri/AppData/Local/R/win-library/4.3/runidue/rmarkdown/templates/lectureslides/resources/QuizAcademy.png Graphic file (type png)
<use C:/Users/Vineet.Dairashri/AppData/Local/R/win-library/4.3/runidue/rmarkdown/templates/lectureslides/resources/QuizAcademy.png>
Package pdftex.def Info: C:/Users/Vineet.Dairashri/AppData/Local/R/win-library/4.3/runidue/rmarkdown/templates/lectureslides/resources/QuizAcademy.png  used on input line 1090.
(pdftex.def)             Requested size: 108.81102pt x 27.2023pt.
File: C:/Users/Vineet.Dairashri/AppData/Local/R/win-library/4.3/runidue/rmarkdown/templates/lectureslides/resources/duelogo.pdf Graphic file (type pdf)
<use C:/Users/Vineet.Dairashri/AppData/Local/R/win-library/4.3/runidue/rmarkdown/templates/lectureslides/resources/duelogo.pdf>
Package pdftex.def Info: C:/Users/Vineet.Dairashri/AppData/Local/R/win-library/4.3/runidue/rmarkdown/templates/lectureslides/resources/duelogo.pdf  used on input line 1090.
(pdftex.def)             Requested size: 56.9055pt x 14.19055pt.


[29

]
\openout4 = `Slides_Induktive_Statistik.vrb'.

(./Slides_Induktive_Statistik.vrb
LaTeX Font Info:    Trying to load font information for T1+lmtt on input line 8.
(c:/Users/Vineet.Dairashri/AppData/Roaming/TinyTeX/texmf-dist/tex/latex/lm/t1lmtt.fd
File: t1lmtt.fd 2015/05/01 v1.6.1 Font defs for Latin Modern
)
LaTeX Font Info:    Font shape `T1/lmtt/bx/n' in size <8> not available
(Font)              Font shape `T1/lmtt/b/n' tried instead on input line 9.
)
File: C:/Users/Vineet.Dairashri/AppData/Local/R/win-library/4.3/runidue/rmarkdown/templates/lectureslides/resources/duelogo.pdf Graphic file (type pdf)
<use C:/Users/Vineet.Dairashri/AppData/Local/R/win-library/4.3/runidue/rmarkdown/templates/lectureslides/resources/duelogo.pdf>
Package pdftex.def Info: C:/Users/Vineet.Dairashri/AppData/Local/R/win-library/4.3/runidue/rmarkdown/templates/lectureslides/resources/duelogo.pdf  used on input line 1152.
(pdftex.def)             Requested size: 56.9055pt x 14.19055pt.


[30

]
\openout4 = `Slides_Induktive_Statistik.vrb'.

(./Slides_Induktive_Statistik.vrb
LaTeX Font Info:    Font shape `T1/lmtt/bx/n' in size <7> not available
(Font)              Font shape `T1/lmtt/b/n' tried instead on input line 9.
)
File: C:/Users/Vineet.Dairashri/AppData/Local/R/win-library/4.3/runidue/rmarkdown/templates/lectureslides/resources/duelogo.pdf Graphic file (type pdf)
<use C:/Users/Vineet.Dairashri/AppData/Local/R/win-library/4.3/runidue/rmarkdown/templates/lectureslides/resources/duelogo.pdf>
Package pdftex.def Info: C:/Users/Vineet.Dairashri/AppData/Local/R/win-library/4.3/runidue/rmarkdown/templates/lectureslides/resources/duelogo.pdf  used on input line 1193.
(pdftex.def)             Requested size: 56.9055pt x 14.19055pt.


[31

]
File: C:/Users/Vineet.Dairashri/AppData/Local/R/win-library/4.3/runidue/rmarkdown/templates/lectureslides/resources/duelogo.pdf Graphic file (type pdf)
<use C:/Users/Vineet.Dairashri/AppData/Local/R/win-library/4.3/runidue/rmarkdown/templates/lectureslides/resources/duelogo.pdf>
Package pdftex.def Info: C:/Users/Vineet.Dairashri/AppData/Local/R/win-library/4.3/runidue/rmarkdown/templates/lectureslides/resources/duelogo.pdf  used on input line 1215.
(pdftex.def)             Requested size: 56.9055pt x 14.19055pt.


[32

]
File: C:/Users/Vineet.Dairashri/AppData/Local/R/win-library/4.3/runidue/rmarkdown/templates/lectureslides/resources/duelogo.pdf Graphic file (type pdf)
<use C:/Users/Vineet.Dairashri/AppData/Local/R/win-library/4.3/runidue/rmarkdown/templates/lectureslides/resources/duelogo.pdf>
Package pdftex.def Info: C:/Users/Vineet.Dairashri/AppData/Local/R/win-library/4.3/runidue/rmarkdown/templates/lectureslides/resources/duelogo.pdf  used on input line 1240.
(pdftex.def)             Requested size: 56.9055pt x 14.19055pt.


[33

]
File: C:/Users/Vineet.Dairashri/AppData/Local/R/win-library/4.3/runidue/rmarkdown/templates/lectureslides/resources/duelogo.pdf Graphic file (type pdf)
<use C:/Users/Vineet.Dairashri/AppData/Local/R/win-library/4.3/runidue/rmarkdown/templates/lectureslides/resources/duelogo.pdf>
Package pdftex.def Info: C:/Users/Vineet.Dairashri/AppData/Local/R/win-library/4.3/runidue/rmarkdown/templates/lectureslides/resources/duelogo.pdf  used on input line 1268.
(pdftex.def)             Requested size: 56.9055pt x 14.19055pt.


[34

]
<Resources/Plots/unnamed-chunk-3-1.pdf, id=485, 281.39026pt x 179.41028pt>
File: Resources/Plots/unnamed-chunk-3-1.pdf Graphic file (type pdf)
<use Resources/Plots/unnamed-chunk-3-1.pdf>
Package pdftex.def Info: Resources/Plots/unnamed-chunk-3-1.pdf  used on input line 1277.
(pdftex.def)             Requested size: 281.38956pt x 179.40984pt.
File: C:/Users/Vineet.Dairashri/AppData/Local/R/win-library/4.3/runidue/rmarkdown/templates/lectureslides/resources/duelogo.pdf Graphic file (type pdf)
<use C:/Users/Vineet.Dairashri/AppData/Local/R/win-library/4.3/runidue/rmarkdown/templates/lectureslides/resources/duelogo.pdf>
Package pdftex.def Info: C:/Users/Vineet.Dairashri/AppData/Local/R/win-library/4.3/runidue/rmarkdown/templates/lectureslides/resources/duelogo.pdf  used on input line 1277.
(pdftex.def)             Requested size: 56.9055pt x 14.19055pt.


[35

 <./Resources/Plots/unnamed-chunk-3-1.pdf>]
File: C:/Users/Vineet.Dairashri/AppData/Local/R/win-library/4.3/runidue/rmarkdown/templates/lectureslides/resources/duelogo.pdf Graphic file (type pdf)
<use C:/Users/Vineet.Dairashri/AppData/Local/R/win-library/4.3/runidue/rmarkdown/templates/lectureslides/resources/duelogo.pdf>
Package pdftex.def Info: C:/Users/Vineet.Dairashri/AppData/Local/R/win-library/4.3/runidue/rmarkdown/templates/lectureslides/resources/duelogo.pdf  used on input line 1306.
(pdftex.def)             Requested size: 56.9055pt x 14.19055pt.


[36

]
File: C:/Users/Vineet.Dairashri/AppData/Local/R/win-library/4.3/runidue/rmarkdown/templates/lectureslides/resources/duelogo.pdf Graphic file (type pdf)
<use C:/Users/Vineet.Dairashri/AppData/Local/R/win-library/4.3/runidue/rmarkdown/templates/lectureslides/resources/duelogo.pdf>
Package pdftex.def Info: C:/Users/Vineet.Dairashri/AppData/Local/R/win-library/4.3/runidue/rmarkdown/templates/lectureslides/resources/duelogo.pdf  used on input line 1325.
(pdftex.def)             Requested size: 56.9055pt x 14.19055pt.


[37

]
File: C:/Users/Vineet.Dairashri/AppData/Local/R/win-library/4.3/runidue/rmarkdown/templates/lectureslides/resources/duelogo.pdf Graphic file (type pdf)
<use C:/Users/Vineet.Dairashri/AppData/Local/R/win-library/4.3/runidue/rmarkdown/templates/lectureslides/resources/duelogo.pdf>
Package pdftex.def Info: C:/Users/Vineet.Dairashri/AppData/Local/R/win-library/4.3/runidue/rmarkdown/templates/lectureslides/resources/duelogo.pdf  used on input line 1354.
(pdftex.def)             Requested size: 56.9055pt x 14.19055pt.


[38

]
File: C:/Users/Vineet.Dairashri/AppData/Local/R/win-library/4.3/runidue/rmarkdown/templates/lectureslides/resources/duelogo.pdf Graphic file (type pdf)
<use C:/Users/Vineet.Dairashri/AppData/Local/R/win-library/4.3/runidue/rmarkdown/templates/lectureslides/resources/duelogo.pdf>
Package pdftex.def Info: C:/Users/Vineet.Dairashri/AppData/Local/R/win-library/4.3/runidue/rmarkdown/templates/lectureslides/resources/duelogo.pdf  used on input line 1371.
(pdftex.def)             Requested size: 56.9055pt x 14.19055pt.


[39

]
File: C:/Users/Vineet.Dairashri/AppData/Local/R/win-library/4.3/runidue/rmarkdown/templates/lectureslides/resources/duelogo.pdf Graphic file (type pdf)
<use C:/Users/Vineet.Dairashri/AppData/Local/R/win-library/4.3/runidue/rmarkdown/templates/lectureslides/resources/duelogo.pdf>
Package pdftex.def Info: C:/Users/Vineet.Dairashri/AppData/Local/R/win-library/4.3/runidue/rmarkdown/templates/lectureslides/resources/duelogo.pdf  used on input line 1389.
(pdftex.def)             Requested size: 56.9055pt x 14.19055pt.


[40

]
<Resources/Plots/unnamed-chunk-4-1.pdf, id=566, 135.69997pt x 84.70044pt>
File: Resources/Plots/unnamed-chunk-4-1.pdf Graphic file (type pdf)
<use Resources/Plots/unnamed-chunk-4-1.pdf>
Package pdftex.def Info: Resources/Plots/unnamed-chunk-4-1.pdf  used on input line 1411.
(pdftex.def)             Requested size: 135.69962pt x 84.70023pt.
File: C:/Users/Vineet.Dairashri/AppData/Local/R/win-library/4.3/runidue/rmarkdown/templates/lectureslides/resources/duelogo.pdf Graphic file (type pdf)
<use C:/Users/Vineet.Dairashri/AppData/Local/R/win-library/4.3/runidue/rmarkdown/templates/lectureslides/resources/duelogo.pdf>
Package pdftex.def Info: C:/Users/Vineet.Dairashri/AppData/Local/R/win-library/4.3/runidue/rmarkdown/templates/lectureslides/resources/duelogo.pdf  used on input line 1411.
(pdftex.def)             Requested size: 56.9055pt x 14.19055pt.


[41

 <./Resources/Plots/unnamed-chunk-4-1.pdf>]
File: C:/Users/Vineet.Dairashri/AppData/Local/R/win-library/4.3/runidue/rmarkdown/templates/lectureslides/resources/duelogo.pdf Graphic file (type pdf)
<use C:/Users/Vineet.Dairashri/AppData/Local/R/win-library/4.3/runidue/rmarkdown/templates/lectureslides/resources/duelogo.pdf>
Package pdftex.def Info: C:/Users/Vineet.Dairashri/AppData/Local/R/win-library/4.3/runidue/rmarkdown/templates/lectureslides/resources/duelogo.pdf  used on input line 1429.
(pdftex.def)             Requested size: 56.9055pt x 14.19055pt.


[42

]
<C:/Users/Vineet.Dairashri/AppData/Local/R/win-library/4.3/runidue/rmarkdown/templates/lectureslides/resources/Rlogo.pdf, id=596, 723.70375pt x 558.085pt>
File: C:/Users/Vineet.Dairashri/AppData/Local/R/win-library/4.3/runidue/rmarkdown/templates/lectureslides/resources/Rlogo.pdf Graphic file (type pdf)
<use C:/Users/Vineet.Dairashri/AppData/Local/R/win-library/4.3/runidue/rmarkdown/templates/lectureslides/resources/Rlogo.pdf>
Package pdftex.def Info: C:/Users/Vineet.Dairashri/AppData/Local/R/win-library/4.3/runidue/rmarkdown/templates/lectureslides/resources/Rlogo.pdf  used on input line 1442.
(pdftex.def)             Requested size: 11.02072pt x 8.50006pt.
File: C:/Users/Vineet.Dairashri/AppData/Local/R/win-library/4.3/runidue/rmarkdown/templates/lectureslides/resources/duelogo.pdf Graphic file (type pdf)
<use C:/Users/Vineet.Dairashri/AppData/Local/R/win-library/4.3/runidue/rmarkdown/templates/lectureslides/resources/duelogo.pdf>
Package pdftex.def Info: C:/Users/Vineet.Dairashri/AppData/Local/R/win-library/4.3/runidue/rmarkdown/templates/lectureslides/resources/duelogo.pdf  used on input line 1442.
(pdftex.def)             Requested size: 56.9055pt x 14.19055pt.


[43

 <c:/Users/Vineet.Dairashri/AppData/Local/R/win-library/4.3/runidue/rmarkdown/templates/lectureslides/resources/Rlogo.pdf>]
File: C:/Users/Vineet.Dairashri/AppData/Local/R/win-library/4.3/runidue/rmarkdown/templates/lectureslides/resources/duelogo.pdf Graphic file (type pdf)
<use C:/Users/Vineet.Dairashri/AppData/Local/R/win-library/4.3/runidue/rmarkdown/templates/lectureslides/resources/duelogo.pdf>
Package pdftex.def Info: C:/Users/Vineet.Dairashri/AppData/Local/R/win-library/4.3/runidue/rmarkdown/templates/lectureslides/resources/duelogo.pdf  used on input line 1467.
(pdftex.def)             Requested size: 56.9055pt x 14.19055pt.


[44

]
File: C:/Users/Vineet.Dairashri/AppData/Local/R/win-library/4.3/runidue/rmarkdown/templates/lectureslides/resources/duelogo.pdf Graphic file (type pdf)
<use C:/Users/Vineet.Dairashri/AppData/Local/R/win-library/4.3/runidue/rmarkdown/templates/lectureslides/resources/duelogo.pdf>
Package pdftex.def Info: C:/Users/Vineet.Dairashri/AppData/Local/R/win-library/4.3/runidue/rmarkdown/templates/lectureslides/resources/duelogo.pdf  used on input line 1494.
(pdftex.def)             Requested size: 56.9055pt x 14.19055pt.


[45

]
File: C:/Users/Vineet.Dairashri/AppData/Local/R/win-library/4.3/runidue/rmarkdown/templates/lectureslides/resources/duelogo.pdf Graphic file (type pdf)
<use C:/Users/Vineet.Dairashri/AppData/Local/R/win-library/4.3/runidue/rmarkdown/templates/lectureslides/resources/duelogo.pdf>
Package pdftex.def Info: C:/Users/Vineet.Dairashri/AppData/Local/R/win-library/4.3/runidue/rmarkdown/templates/lectureslides/resources/duelogo.pdf  used on input line 1514.
(pdftex.def)             Requested size: 56.9055pt x 14.19055pt.


[46

]
File: C:/Users/Vineet.Dairashri/AppData/Local/R/win-library/4.3/runidue/rmarkdown/templates/lectureslides/resources/duelogo.pdf Graphic file (type pdf)
<use C:/Users/Vineet.Dairashri/AppData/Local/R/win-library/4.3/runidue/rmarkdown/templates/lectureslides/resources/duelogo.pdf>
Package pdftex.def Info: C:/Users/Vineet.Dairashri/AppData/Local/R/win-library/4.3/runidue/rmarkdown/templates/lectureslides/resources/duelogo.pdf  used on input line 1533.
(pdftex.def)             Requested size: 56.9055pt x 14.19055pt.


[47

]
File: C:/Users/Vineet.Dairashri/AppData/Local/R/win-library/4.3/runidue/rmarkdown/templates/lectureslides/resources/duelogo.pdf Graphic file (type pdf)
<use C:/Users/Vineet.Dairashri/AppData/Local/R/win-library/4.3/runidue/rmarkdown/templates/lectureslides/resources/duelogo.pdf>
Package pdftex.def Info: C:/Users/Vineet.Dairashri/AppData/Local/R/win-library/4.3/runidue/rmarkdown/templates/lectureslides/resources/duelogo.pdf  used on input line 1547.
(pdftex.def)             Requested size: 56.9055pt x 14.19055pt.


[48

]
File: C:/Users/Vineet.Dairashri/AppData/Local/R/win-library/4.3/runidue/rmarkdown/templates/lectureslides/resources/duelogo.pdf Graphic file (type pdf)
<use C:/Users/Vineet.Dairashri/AppData/Local/R/win-library/4.3/runidue/rmarkdown/templates/lectureslides/resources/duelogo.pdf>
Package pdftex.def Info: C:/Users/Vineet.Dairashri/AppData/Local/R/win-library/4.3/runidue/rmarkdown/templates/lectureslides/resources/duelogo.pdf  used on input line 1571.
(pdftex.def)             Requested size: 56.9055pt x 14.19055pt.


[49

]
File: C:/Users/Vineet.Dairashri/AppData/Local/R/win-library/4.3/runidue/rmarkdown/templates/lectureslides/resources/duelogo.pdf Graphic file (type pdf)
<use C:/Users/Vineet.Dairashri/AppData/Local/R/win-library/4.3/runidue/rmarkdown/templates/lectureslides/resources/duelogo.pdf>
Package pdftex.def Info: C:/Users/Vineet.Dairashri/AppData/Local/R/win-library/4.3/runidue/rmarkdown/templates/lectureslides/resources/duelogo.pdf  used on input line 1587.
(pdftex.def)             Requested size: 56.9055pt x 14.19055pt.


[50

]
File: C:/Users/Vineet.Dairashri/AppData/Local/R/win-library/4.3/runidue/rmarkdown/templates/lectureslides/resources/QuizAcademy.png Graphic file (type png)
<use C:/Users/Vineet.Dairashri/AppData/Local/R/win-library/4.3/runidue/rmarkdown/templates/lectureslides/resources/QuizAcademy.png>
Package pdftex.def Info: C:/Users/Vineet.Dairashri/AppData/Local/R/win-library/4.3/runidue/rmarkdown/templates/lectureslides/resources/QuizAcademy.png  used on input line 1594.
(pdftex.def)             Requested size: 108.81102pt x 27.2023pt.
File: C:/Users/Vineet.Dairashri/AppData/Local/R/win-library/4.3/runidue/rmarkdown/templates/lectureslides/resources/duelogo.pdf Graphic file (type pdf)
<use C:/Users/Vineet.Dairashri/AppData/Local/R/win-library/4.3/runidue/rmarkdown/templates/lectureslides/resources/duelogo.pdf>
Package pdftex.def Info: C:/Users/Vineet.Dairashri/AppData/Local/R/win-library/4.3/runidue/rmarkdown/templates/lectureslides/resources/duelogo.pdf  used on input line 1594.
(pdftex.def)             Requested size: 56.9055pt x 14.19055pt.


[51

]
File: C:/Users/Vineet.Dairashri/AppData/Local/R/win-library/4.3/runidue/rmarkdown/templates/lectureslides/resources/duelogo.pdf Graphic file (type pdf)
<use C:/Users/Vineet.Dairashri/AppData/Local/R/win-library/4.3/runidue/rmarkdown/templates/lectureslides/resources/duelogo.pdf>
Package pdftex.def Info: C:/Users/Vineet.Dairashri/AppData/Local/R/win-library/4.3/runidue/rmarkdown/templates/lectureslides/resources/duelogo.pdf  used on input line 1617.
(pdftex.def)             Requested size: 56.9055pt x 14.19055pt.


[52

]
File: C:/Users/Vineet.Dairashri/AppData/Local/R/win-library/4.3/runidue/rmarkdown/templates/lectureslides/resources/duelogo.pdf Graphic file (type pdf)
<use C:/Users/Vineet.Dairashri/AppData/Local/R/win-library/4.3/runidue/rmarkdown/templates/lectureslides/resources/duelogo.pdf>
Package pdftex.def Info: C:/Users/Vineet.Dairashri/AppData/Local/R/win-library/4.3/runidue/rmarkdown/templates/lectureslides/resources/duelogo.pdf  used on input line 1628.
(pdftex.def)             Requested size: 56.9055pt x 14.19055pt.


[53

]
<Resources/Plots/BedingteWkeit-1.pdf, id=717, 208.5401pt x 132.05034pt>
File: Resources/Plots/BedingteWkeit-1.pdf Graphic file (type pdf)
<use Resources/Plots/BedingteWkeit-1.pdf>
Package pdftex.def Info: Resources/Plots/BedingteWkeit-1.pdf  used on input line 1652.
(pdftex.def)             Requested size: 208.53958pt x 132.05pt.
File: C:/Users/Vineet.Dairashri/AppData/Local/R/win-library/4.3/runidue/rmarkdown/templates/lectureslides/resources/duelogo.pdf Graphic file (type pdf)
<use C:/Users/Vineet.Dairashri/AppData/Local/R/win-library/4.3/runidue/rmarkdown/templates/lectureslides/resources/duelogo.pdf>
Package pdftex.def Info: C:/Users/Vineet.Dairashri/AppData/Local/R/win-library/4.3/runidue/rmarkdown/templates/lectureslides/resources/duelogo.pdf  used on input line 1652.
(pdftex.def)             Requested size: 56.9055pt x 14.19055pt.

Overfull \vbox (13.27373pt too high) detected at line 1652
 []



[54

 <./Resources/Plots/BedingteWkeit-1.pdf>]
File: C:/Users/Vineet.Dairashri/AppData/Local/R/win-library/4.3/runidue/rmarkdown/templates/lectureslides/resources/duelogo.pdf Graphic file (type pdf)
<use C:/Users/Vineet.Dairashri/AppData/Local/R/win-library/4.3/runidue/rmarkdown/templates/lectureslides/resources/duelogo.pdf>
Package pdftex.def Info: C:/Users/Vineet.Dairashri/AppData/Local/R/win-library/4.3/runidue/rmarkdown/templates/lectureslides/resources/duelogo.pdf  used on input line 1678.
(pdftex.def)             Requested size: 56.9055pt x 14.19055pt.


[55

]
File: C:/Users/Vineet.Dairashri/AppData/Local/R/win-library/4.3/runidue/rmarkdown/templates/lectureslides/resources/duelogo.pdf Graphic file (type pdf)
<use C:/Users/Vineet.Dairashri/AppData/Local/R/win-library/4.3/runidue/rmarkdown/templates/lectureslides/resources/duelogo.pdf>
Package pdftex.def Info: C:/Users/Vineet.Dairashri/AppData/Local/R/win-library/4.3/runidue/rmarkdown/templates/lectureslides/resources/duelogo.pdf  used on input line 1689.
(pdftex.def)             Requested size: 56.9055pt x 14.19055pt.


[56

]
File: C:/Users/Vineet.Dairashri/AppData/Local/R/win-library/4.3/runidue/rmarkdown/templates/lectureslides/resources/duelogo.pdf Graphic file (type pdf)
<use C:/Users/Vineet.Dairashri/AppData/Local/R/win-library/4.3/runidue/rmarkdown/templates/lectureslides/resources/duelogo.pdf>
Package pdftex.def Info: C:/Users/Vineet.Dairashri/AppData/Local/R/win-library/4.3/runidue/rmarkdown/templates/lectureslides/resources/duelogo.pdf  used on input line 1712.
(pdftex.def)             Requested size: 56.9055pt x 14.19055pt.


[57

]
File: C:/Users/Vineet.Dairashri/AppData/Local/R/win-library/4.3/runidue/rmarkdown/templates/lectureslides/resources/duelogo.pdf Graphic file (type pdf)
<use C:/Users/Vineet.Dairashri/AppData/Local/R/win-library/4.3/runidue/rmarkdown/templates/lectureslides/resources/duelogo.pdf>
Package pdftex.def Info: C:/Users/Vineet.Dairashri/AppData/Local/R/win-library/4.3/runidue/rmarkdown/templates/lectureslides/resources/duelogo.pdf  used on input line 1741.
(pdftex.def)             Requested size: 56.9055pt x 14.19055pt.


[58

]
File: C:/Users/Vineet.Dairashri/AppData/Local/R/win-library/4.3/runidue/rmarkdown/templates/lectureslides/resources/duelogo.pdf Graphic file (type pdf)
<use C:/Users/Vineet.Dairashri/AppData/Local/R/win-library/4.3/runidue/rmarkdown/templates/lectureslides/resources/duelogo.pdf>
Package pdftex.def Info: C:/Users/Vineet.Dairashri/AppData/Local/R/win-library/4.3/runidue/rmarkdown/templates/lectureslides/resources/duelogo.pdf  used on input line 1772.
(pdftex.def)             Requested size: 56.9055pt x 14.19055pt.


[59

]
File: C:/Users/Vineet.Dairashri/AppData/Local/R/win-library/4.3/runidue/rmarkdown/templates/lectureslides/resources/duelogo.pdf Graphic file (type pdf)
<use C:/Users/Vineet.Dairashri/AppData/Local/R/win-library/4.3/runidue/rmarkdown/templates/lectureslides/resources/duelogo.pdf>
Package pdftex.def Info: C:/Users/Vineet.Dairashri/AppData/Local/R/win-library/4.3/runidue/rmarkdown/templates/lectureslides/resources/duelogo.pdf  used on input line 1796.
(pdftex.def)             Requested size: 56.9055pt x 14.19055pt.


[60

]
\tf@nav=\write8
\openout8 = `Slides_Induktive_Statistik.nav'.

\tf@toc=\write9
\openout9 = `Slides_Induktive_Statistik.toc'.

\tf@snm=\write10
\openout10 = `Slides_Induktive_Statistik.snm'.

(./Slides_Induktive_Statistik.aux)
 ***********
LaTeX2e <2025-06-01> patch level 1
L3 programming layer <2025-06-09>
 ***********
Package rerunfilecheck Info: File `Slides_Induktive_Statistik.out' has not changed.
(rerunfilecheck)             Checksum: D1692F7B75D7955FC5D208B452E4954E;186.
 ) 
Here is how much of TeX's memory you used:
 43580 strings out of 469798
 972607 string characters out of 5478499
 1374385 words of memory out of 5000000
 70916 multiletter control sequences out of 15000+600000
 707972 words of font info for 103 fonts, out of 8000000 for 9000
 36 hyphenation exceptions out of 8191
 101i,22n,133p,1680b,836s stack positions out of 10000i,1000n,20000p,200000b,200000s
<c:/Users/Vineet.Dairashri/AppData/Roaming/TinyTeX/texmf-dist/fonts/type1/public/amsfonts/cm/cmex10.pfb><c:/Users/Vineet.Dairashri/AppData/Roaming/TinyTeX/texmf-dist/fonts/type1/public/amsfonts/cm/cmss10.pfb><c:/Users/Vineet.Dairashri/AppData/Roaming/TinyTeX/texmf-dist/fonts/type1/public/amsfonts/cm/cmss8.pfb><c:/Users/Vineet.Dairashri/AppData/Roaming/TinyTeX/texmf-dist/fonts/type1/public/amsfonts/cm/cmssi10.pfb><c:/Users/Vineet.Dairashri/AppData/Roaming/TinyTeX/texmf-dist/fonts/type1/public/lm/lmex10.pfb><c:/Users/Vineet.Dairashri/AppData/Roaming/TinyTeX/texmf-dist/fonts/type1/public/lm/lmmi10.pfb><c:/Users/Vineet.Dairashri/AppData/Roaming/TinyTeX/texmf-dist/fonts/type1/public/lm/lmmi9.pfb><c:/Users/Vineet.Dairashri/AppData/Roaming/TinyTeX/texmf-dist/fonts/type1/public/lm/lmss10.pfb><c:/Users/Vineet.Dairashri/AppData/Roaming/TinyTeX/texmf-dist/fonts/type1/public/lm/lmss12.pfb><c:/Users/Vineet.Dairashri/AppData/Roaming/TinyTeX/texmf-dist/fonts/type1/public/lm/lmss8.pfb><c:/Users/Vineet.Dairashri/AppData/Roaming/TinyTeX/texmf-dist/fonts/type1/public/lm/lmss9.pfb><c:/Users/Vineet.Dairashri/AppData/Roaming/TinyTeX/texmf-dist/fonts/type1/public/lm/lmssbx10.pfb><c:/Users/Vineet.Dairashri/AppData/Roaming/TinyTeX/texmf-dist/fonts/type1/public/lm/lmsso10.pfb><c:/Users/Vineet.Dairashri/AppData/Roaming/TinyTeX/texmf-dist/fonts/type1/public/lm/lmsso8.pfb><c:/Users/Vineet.Dairashri/AppData/Roaming/TinyTeX/texmf-dist/fonts/type1/public/lm/lmsso9.pfb><c:/Users/Vineet.Dairashri/AppData/Roaming/TinyTeX/texmf-dist/fonts/type1/public/lm/lmsy10.pfb><c:/Users/Vineet.Dairashri/AppData/Roaming/TinyTeX/texmf-dist/fonts/type1/public/lm/lmsy7.pfb><c:/Users/Vineet.Dairashri/AppData/Roaming/TinyTeX/texmf-dist/fonts/type1/public/lm/lmsy9.pfb><c:/Users/Vineet.Dairashri/AppData/Roaming/TinyTeX/texmf-dist/fonts/type1/public/lm/lmtk10.pfb><c:/Users/Vineet.Dairashri/AppData/Roaming/TinyTeX/texmf-dist/fonts/type1/public/lm/lmtt8.pfb><c:/Users/Vineet.Dairashri/AppData/Roaming/TinyTeX/texmf-dist/fonts/type1/public/lm/lmtti10.pfb><c:/Users/Vineet.Dairashri/AppData/Roaming/TinyTeX/texmf-dist/fonts/type1/public/amsfonts/symbols/msam10.pfb><c:/Users/Vineet.Dairashri/AppData/Roaming/TinyTeX/texmf-dist/fonts/type1/public/amsfonts/symbols/msbm10.pfb>
Output written on Slides_Induktive_Statistik.pdf (60 pages, 1087845 bytes).
PDF statistics:
 940 PDF objects out of 1000 (max. 8388607)
 656 compressed objects within 7 object streams
 183 named destinations out of 1000 (max. 500000)
 153 words of extra memory for PDF output out of 10000 (max. 10000000)

