This is pdfTeX, Version 3.141592653-2.6-1.40.25 (MiKTeX 23.10.12) (preloaded format=pdflatex 2023.10.18)  11 FEB 2025 11:26
entering extended mode
 restricted \write18 enabled.
 %&-line parsing enabled.
**./MdÖ_WS24.tex
(MdÖ_WS24.tex
LaTeX2e <2023-06-01> patch level 1
L3 programming layer <2023-10-10>
(C:\Users\Yannick.Hoga\AppData\Roaming\MiKTeX\tex/latex/beamer\beamer.cls
Document Class: beamer 2023/05/15 v3.70 A class for typesetting presentations

(C:\Users\Yannick.Hoga\AppData\Roaming\MiKTeX\tex/latex/beamer\beamerbasemodes.
sty (C:\Program Files\MiKTeX\tex/latex/etoolbox\etoolbox.sty
Package: etoolbox 2020/10/05 v2.5k e-TeX tools for LaTeX (JAW)
\etb@tempcnta=\count185
)
\beamer@tempbox=\box51
\beamer@tempcount=\count186
\c@beamerpauses=\count187

(C:\Users\Yannick.Hoga\AppData\Roaming\MiKTeX\tex/latex/beamer\beamerbasedecode
.sty
\beamer@slideinframe=\count188
\beamer@minimum=\count189
\beamer@decode@box=\box52
)
\beamer@commentbox=\box53
\beamer@modecount=\count190
) (C:\Program Files\MiKTeX\tex/generic/iftex\iftex.sty
Package: iftex 2022/02/03 v1.0f TeX engine tests
)
\headdp=\dimen140
\footheight=\dimen141
\sidebarheight=\dimen142
\beamer@tempdim=\dimen143
\beamer@finalheight=\dimen144
\beamer@animht=\dimen145
\beamer@animdp=\dimen146
\beamer@animwd=\dimen147
\beamer@leftmargin=\dimen148
\beamer@rightmargin=\dimen149
\beamer@leftsidebar=\dimen150
\beamer@rightsidebar=\dimen151
\beamer@boxsize=\dimen152
\beamer@vboxoffset=\dimen153
\beamer@descdefault=\dimen154
\beamer@descriptionwidth=\dimen155
\beamer@lastskip=\skip48
\beamer@areabox=\box54
\beamer@animcurrent=\box55
\beamer@animshowbox=\box56
\beamer@sectionbox=\box57
\beamer@logobox=\box58
\beamer@linebox=\box59
\beamer@sectioncount=\count191
\beamer@subsubsectionmax=\count192
\beamer@subsectionmax=\count193
\beamer@sectionmax=\count194
\beamer@totalheads=\count195
\beamer@headcounter=\count196
\beamer@partstartpage=\count197
\beamer@sectionstartpage=\count198
\beamer@subsectionstartpage=\count199
\beamer@animationtempa=\count266
\beamer@animationtempb=\count267
\beamer@xpos=\count268
\beamer@ypos=\count269
\beamer@ypos@offset=\count270
\beamer@showpartnumber=\count271
\beamer@currentsubsection=\count272
\beamer@coveringdepth=\count273
\beamer@sectionadjust=\count274
\beamer@toclastsection=\count275
\beamer@tocsectionnumber=\count276

(C:\Users\Yannick.Hoga\AppData\Roaming\MiKTeX\tex/latex/beamer\beamerbaseoption
s.sty (C:\Program Files\MiKTeX\tex/latex/graphics\keyval.sty
Package: keyval 2022/05/29 v1.15 key=value parser (DPC)
\KV@toks@=\toks17
))
\beamer@paperwidth=\skip49
\beamer@paperheight=\skip50
(C:\Users\Yannick.Hoga\AppData\Roaming\MiKTeX\tex/latex/geometry\geometry.sty
Package: geometry 2020/01/02 v5.9 Page Geometry
(C:\Program Files\MiKTeX\tex/generic/iftex\ifvtex.sty
Package: ifvtex 2019/10/25 v1.7 ifvtex legacy package. Use iftex instead.
)
\Gm@cnth=\count277
\Gm@cntv=\count278
\c@Gm@tempcnt=\count279
\Gm@bindingoffset=\dimen156
\Gm@wd@mp=\dimen157
\Gm@odd@mp=\dimen158
\Gm@even@mp=\dimen159
\Gm@layoutwidth=\dimen160
\Gm@layoutheight=\dimen161
\Gm@layouthoffset=\dimen162
\Gm@layoutvoffset=\dimen163
\Gm@dimlist=\toks18
(C:\Users\Yannick.Hoga\AppData\Roaming\MiKTeX\tex/latex/geometry\geometry.cfg))
(C:\Program Files\MiKTeX\tex/latex/pgf/math\pgfmath.sty (C:\Program Files\MiKTe
X\tex/latex/pgf/utilities\pgfrcs.sty (C:\Program Files\MiKTeX\tex/generic/pgf/u
tilities\pgfutil-common.tex
\pgfutil@everybye=\toks19
\pgfutil@tempdima=\dimen164
\pgfutil@tempdimb=\dimen165
) (C:\Program Files\MiKTeX\tex/generic/pgf/utilities\pgfutil-latex.def
\pgfutil@abb=\box60
) (C:\Program Files\MiKTeX\tex/generic/pgf/utilities\pgfrcs.code.tex (C:\Progra
m Files\MiKTeX\tex/generic/pgf\pgf.revision.tex)
Package: pgfrcs 2023-01-15 v3.1.10 (3.1.10)
)) (C:\Program Files\MiKTeX\tex/latex/pgf/utilities\pgfkeys.sty (C:\Program Fil
es\MiKTeX\tex/generic/pgf/utilities\pgfkeys.code.tex
\pgfkeys@pathtoks=\toks20
\pgfkeys@temptoks=\toks21

(C:\Program Files\MiKTeX\tex/generic/pgf/utilities\pgfkeyslibraryfiltered.code.
tex
\pgfkeys@tmptoks=\toks22
))) (C:\Program Files\MiKTeX\tex/generic/pgf/math\pgfmath.code.tex (C:\Program 
Files\MiKTeX\tex/generic/pgf/math\pgfmathutil.code.tex
\pgf@x=\dimen166
\pgf@xa=\dimen167
\pgf@xb=\dimen168
\pgf@xc=\dimen169
\pgf@y=\dimen170
\pgf@ya=\dimen171
\pgf@yb=\dimen172
\pgf@yc=\dimen173
\c@pgf@counta=\count280
\c@pgf@countb=\count281
\c@pgf@countc=\count282
\c@pgf@countd=\count283
) (C:\Program Files\MiKTeX\tex/generic/pgf/math\pgfmathparser.code.tex
\pgfmath@dimen=\dimen174
\pgfmath@count=\count284
\pgfmath@box=\box61
\pgfmath@toks=\toks23
\pgfmath@stack@operand=\toks24
\pgfmath@stack@operation=\toks25
) (C:\Program Files\MiKTeX\tex/generic/pgf/math\pgfmathfunctions.code.tex) (C:\
Program Files\MiKTeX\tex/generic/pgf/math\pgfmathfunctions.basic.code.tex)
(C:\Program Files\MiKTeX\tex/generic/pgf/math\pgfmathfunctions.trigonometric.co
de.tex) (C:\Program Files\MiKTeX\tex/generic/pgf/math\pgfmathfunctions.random.c
ode.tex)
(C:\Program Files\MiKTeX\tex/generic/pgf/math\pgfmathfunctions.comparison.code.
tex) (C:\Program Files\MiKTeX\tex/generic/pgf/math\pgfmathfunctions.base.code.t
ex) (C:\Program Files\MiKTeX\tex/generic/pgf/math\pgfmathfunctions.round.code.t
ex) (C:\Program Files\MiKTeX\tex/generic/pgf/math\pgfmathfunctions.misc.code.te
x)
(C:\Program Files\MiKTeX\tex/generic/pgf/math\pgfmathfunctions.integerarithmeti
cs.code.tex) (C:\Program Files\MiKTeX\tex/generic/pgf/math\pgfmathcalc.code.tex
) (C:\Program Files\MiKTeX\tex/generic/pgf/math\pgfmathfloat.code.tex
\c@pgfmathroundto@lastzeros=\count285
))) (C:\Users\Yannick.Hoga\AppData\Roaming\MiKTeX\tex/latex/extsizes\size9.clo
File: size9.clo 1999/11/11 v1.4a NON-Standard LaTeX file (size option)
) (C:\Program Files\MiKTeX\tex/latex/pgf/basiclayer\pgfcore.sty (C:\Program Fil
es\MiKTeX\tex/latex/graphics\graphicx.sty
Package: graphicx 2021/09/16 v1.2d Enhanced LaTeX Graphics (DPC,SPQR)
(C:\Program Files\MiKTeX\tex/latex/graphics\graphics.sty
Package: graphics 2022/03/10 v1.4e Standard LaTeX Graphics (DPC,SPQR)
(C:\Program Files\MiKTeX\tex/latex/graphics\trig.sty
Package: trig 2021/08/11 v1.11 sin cos tan (DPC)
) (C:\Program Files\MiKTeX\tex/latex/graphics-cfg\graphics.cfg
File: graphics.cfg 2016/06/04 v1.11 sample graphics configuration
)
Package graphics Info: Driver file: pdftex.def on input line 107.
(C:\Program Files\MiKTeX\tex/latex/graphics-def\pdftex.def
File: pdftex.def 2022/09/22 v1.2b Graphics/color driver for pdftex
))
\Gin@req@height=\dimen175
\Gin@req@width=\dimen176
) (C:\Program Files\MiKTeX\tex/latex/pgf/systemlayer\pgfsys.sty (C:\Program Fil
es\MiKTeX\tex/generic/pgf/systemlayer\pgfsys.code.tex
Package: pgfsys 2023-01-15 v3.1.10 (3.1.10)
\pgf@x=\dimen177
\pgf@y=\dimen178
\pgf@xa=\dimen179
\pgf@ya=\dimen180
\pgf@xb=\dimen181
\pgf@yb=\dimen182
\pgf@xc=\dimen183
\pgf@yc=\dimen184
\pgf@xd=\dimen185
\pgf@yd=\dimen186
\w@pgf@writea=\write3
\r@pgf@reada=\read2
\c@pgf@counta=\count286
\c@pgf@countb=\count287
\c@pgf@countc=\count288
\c@pgf@countd=\count289
\t@pgf@toka=\toks26
\t@pgf@tokb=\toks27
\t@pgf@tokc=\toks28
\pgf@sys@id@count=\count290
(C:\Program Files\MiKTeX\tex/generic/pgf/systemlayer\pgf.cfg
File: pgf.cfg 2023-01-15 v3.1.10 (3.1.10)
)
Driver file for pgf: pgfsys-pdftex.def
(C:\Program Files\MiKTeX\tex/generic/pgf/systemlayer\pgfsys-pdftex.def
File: pgfsys-pdftex.def 2023-01-15 v3.1.10 (3.1.10)
(C:\Program Files\MiKTeX\tex/generic/pgf/systemlayer\pgfsys-common-pdf.def
File: pgfsys-common-pdf.def 2023-01-15 v3.1.10 (3.1.10)
))) (C:\Program Files\MiKTeX\tex/generic/pgf/systemlayer\pgfsyssoftpath.code.te
x
File: pgfsyssoftpath.code.tex 2023-01-15 v3.1.10 (3.1.10)
\pgfsyssoftpath@smallbuffer@items=\count291
\pgfsyssoftpath@bigbuffer@items=\count292
) (C:\Program Files\MiKTeX\tex/generic/pgf/systemlayer\pgfsysprotocol.code.tex
File: pgfsysprotocol.code.tex 2023-01-15 v3.1.10 (3.1.10)
)) (C:\Program Files\MiKTeX\tex/latex/xcolor\xcolor.sty
Package: xcolor 2022/06/12 v2.14 LaTeX color extensions (UK)
(C:\Program Files\MiKTeX\tex/latex/graphics-cfg\color.cfg
File: color.cfg 2016/01/02 v1.6 sample color configuration
)
Package xcolor Info: Driver file: pdftex.def on input line 227.
(C:\Program Files\MiKTeX\tex/latex/graphics\mathcolor.ltx)
Package xcolor Info: Model `cmy' substituted by `cmy0' on input line 1353.
Package xcolor Info: Model `hsb' substituted by `rgb' on input line 1357.
Package xcolor Info: Model `RGB' extended on input line 1369.
Package xcolor Info: Model `HTML' substituted by `rgb' on input line 1371.
Package xcolor Info: Model `Hsb' substituted by `hsb' on input line 1372.
Package xcolor Info: Model `tHsb' substituted by `hsb' on input line 1373.
Package xcolor Info: Model `HSB' substituted by `hsb' on input line 1374.
Package xcolor Info: Model `Gray' substituted by `gray' on input line 1375.
Package xcolor Info: Model `wave' substituted by `hsb' on input line 1376.
) (C:\Program Files\MiKTeX\tex/generic/pgf/basiclayer\pgfcore.code.tex
Package: pgfcore 2023-01-15 v3.1.10 (3.1.10)
(C:\Program Files\MiKTeX\tex/generic/pgf/math\pgfint.code.tex) (C:\Program File
s\MiKTeX\tex/generic/pgf/basiclayer\pgfcorepoints.code.tex
File: pgfcorepoints.code.tex 2023-01-15 v3.1.10 (3.1.10)
\pgf@picminx=\dimen187
\pgf@picmaxx=\dimen188
\pgf@picminy=\dimen189
\pgf@picmaxy=\dimen190
\pgf@pathminx=\dimen191
\pgf@pathmaxx=\dimen192
\pgf@pathminy=\dimen193
\pgf@pathmaxy=\dimen194
\pgf@xx=\dimen195
\pgf@xy=\dimen196
\pgf@yx=\dimen197
\pgf@yy=\dimen198
\pgf@zx=\dimen199
\pgf@zy=\dimen256
)
(C:\Program Files\MiKTeX\tex/generic/pgf/basiclayer\pgfcorepathconstruct.code.t
ex
File: pgfcorepathconstruct.code.tex 2023-01-15 v3.1.10 (3.1.10)
\pgf@path@lastx=\dimen257
\pgf@path@lasty=\dimen258
) (C:\Program Files\MiKTeX\tex/generic/pgf/basiclayer\pgfcorepathusage.code.tex
File: pgfcorepathusage.code.tex 2023-01-15 v3.1.10 (3.1.10)
\pgf@shorten@end@additional=\dimen259
\pgf@shorten@start@additional=\dimen260
) (C:\Program Files\MiKTeX\tex/generic/pgf/basiclayer\pgfcorescopes.code.tex
File: pgfcorescopes.code.tex 2023-01-15 v3.1.10 (3.1.10)
\pgfpic=\box62
\pgf@hbox=\box63
\pgf@layerbox@main=\box64
\pgf@picture@serial@count=\count293
)
(C:\Program Files\MiKTeX\tex/generic/pgf/basiclayer\pgfcoregraphicstate.code.te
x
File: pgfcoregraphicstate.code.tex 2023-01-15 v3.1.10 (3.1.10)
\pgflinewidth=\dimen261
)
(C:\Program Files\MiKTeX\tex/generic/pgf/basiclayer\pgfcoretransformations.code
.tex
File: pgfcoretransformations.code.tex 2023-01-15 v3.1.10 (3.1.10)
\pgf@pt@x=\dimen262
\pgf@pt@y=\dimen263
\pgf@pt@temp=\dimen264
) (C:\Program Files\MiKTeX\tex/generic/pgf/basiclayer\pgfcorequick.code.tex
File: pgfcorequick.code.tex 2023-01-15 v3.1.10 (3.1.10)
) (C:\Program Files\MiKTeX\tex/generic/pgf/basiclayer\pgfcoreobjects.code.tex
File: pgfcoreobjects.code.tex 2023-01-15 v3.1.10 (3.1.10)
)
(C:\Program Files\MiKTeX\tex/generic/pgf/basiclayer\pgfcorepathprocessing.code.
tex
File: pgfcorepathprocessing.code.tex 2023-01-15 v3.1.10 (3.1.10)
) (C:\Program Files\MiKTeX\tex/generic/pgf/basiclayer\pgfcorearrows.code.tex
File: pgfcorearrows.code.tex 2023-01-15 v3.1.10 (3.1.10)
\pgfarrowsep=\dimen265
) (C:\Program Files\MiKTeX\tex/generic/pgf/basiclayer\pgfcoreshade.code.tex
File: pgfcoreshade.code.tex 2023-01-15 v3.1.10 (3.1.10)
\pgf@max=\dimen266
\pgf@sys@shading@range@num=\count294
\pgf@shadingcount=\count295
) (C:\Program Files\MiKTeX\tex/generic/pgf/basiclayer\pgfcoreimage.code.tex
File: pgfcoreimage.code.tex 2023-01-15 v3.1.10 (3.1.10)
) (C:\Program Files\MiKTeX\tex/generic/pgf/basiclayer\pgfcoreexternal.code.tex
File: pgfcoreexternal.code.tex 2023-01-15 v3.1.10 (3.1.10)
\pgfexternal@startupbox=\box65
) (C:\Program Files\MiKTeX\tex/generic/pgf/basiclayer\pgfcorelayers.code.tex
File: pgfcorelayers.code.tex 2023-01-15 v3.1.10 (3.1.10)
)
(C:\Program Files\MiKTeX\tex/generic/pgf/basiclayer\pgfcoretransparency.code.te
x
File: pgfcoretransparency.code.tex 2023-01-15 v3.1.10 (3.1.10)
) (C:\Program Files\MiKTeX\tex/generic/pgf/basiclayer\pgfcorepatterns.code.tex
File: pgfcorepatterns.code.tex 2023-01-15 v3.1.10 (3.1.10)
) (C:\Program Files\MiKTeX\tex/generic/pgf/basiclayer\pgfcorerdf.code.tex
File: pgfcorerdf.code.tex 2023-01-15 v3.1.10 (3.1.10)
))) (C:\Program Files\MiKTeX\tex/latex/pgf/utilities\xxcolor.sty
Package: xxcolor 2003/10/24 ver 0.1
\XC@nummixins=\count296
\XC@countmixins=\count297
) (C:\Program Files\MiKTeX\tex/latex/base\atbegshi-ltx.sty
Package: atbegshi-ltx 2021/01/10 v1.0c Emulation of the original atbegshi
package with kernel methods
) (C:\Program Files\MiKTeX\tex/latex/hyperref\hyperref.sty
Package: hyperref 2023-07-08 v7.01b Hypertext links for LaTeX
(C:\Users\Yannick.Hoga\AppData\Roaming\MiKTeX\tex/generic/ltxcmds\ltxcmds.sty
Package: ltxcmds 2020-05-10 v1.25 LaTeX kernel commands for general use (HO)
) (C:\Program Files\MiKTeX\tex/generic/pdftexcmds\pdftexcmds.sty
Package: pdftexcmds 2020-06-27 v0.33 Utility functions of pdfTeX for LuaTeX (HO
)

(C:\Users\Yannick.Hoga\AppData\Roaming\MiKTeX\tex/generic/infwarerr\infwarerr.s
ty
Package: infwarerr 2019/12/03 v1.5 Providing info/warning/error messages (HO)
)
Package pdftexcmds Info: \pdf@primitive is available.
Package pdftexcmds Info: \pdf@ifprimitive is available.
Package pdftexcmds Info: \pdfdraftmode found.
)
(C:\Users\Yannick.Hoga\AppData\Roaming\MiKTeX\tex/latex/kvsetkeys\kvsetkeys.sty
Package: kvsetkeys 2022-10-05 v1.19 Key value parser (HO)
)
(C:\Users\Yannick.Hoga\AppData\Roaming\MiKTeX\tex/generic/kvdefinekeys\kvdefine
keys.sty
Package: kvdefinekeys 2019-12-19 v1.6 Define keys (HO)
)
(C:\Users\Yannick.Hoga\AppData\Roaming\MiKTeX\tex/generic/pdfescape\pdfescape.s
ty
Package: pdfescape 2019/12/09 v1.15 Implements pdfTeX's escape features (HO)
) (C:\Users\Yannick.Hoga\AppData\Roaming\MiKTeX\tex/latex/hycolor\hycolor.sty
Package: hycolor 2020-01-27 v1.10 Color options for hyperref/bookmark (HO)
)
(C:\Users\Yannick.Hoga\AppData\Roaming\MiKTeX\tex/latex/letltxmacro\letltxmacro
.sty
Package: letltxmacro 2019/12/03 v1.6 Let assignment for LaTeX macros (HO)
) (C:\Users\Yannick.Hoga\AppData\Roaming\MiKTeX\tex/latex/auxhook\auxhook.sty
Package: auxhook 2019-12-17 v1.6 Hooks for auxiliary files (HO)
) (C:\Program Files\MiKTeX\tex/latex/hyperref\nameref.sty
Package: nameref 2023-08-07 v2.53 Cross-referencing by name of section
(C:\Users\Yannick.Hoga\AppData\Roaming\MiKTeX\tex/latex/refcount\refcount.sty
Package: refcount 2019/12/15 v3.6 Data extraction from label references (HO)
)
(C:\Users\Yannick.Hoga\AppData\Roaming\MiKTeX\tex/generic/gettitlestring\gettit
lestring.sty
Package: gettitlestring 2019/12/15 v1.6 Cleanup title references (HO)

(C:\Users\Yannick.Hoga\AppData\Roaming\MiKTeX\tex/latex/kvoptions\kvoptions.sty
Package: kvoptions 2022-06-15 v3.15 Key value format for package options (HO)
))
\c@section@level=\count298
)
\@linkdim=\dimen267
\Hy@linkcounter=\count299
\Hy@pagecounter=\count300
(C:\Program Files\MiKTeX\tex/latex/hyperref\pd1enc.def
File: pd1enc.def 2023-07-08 v7.01b Hyperref: PDFDocEncoding definition (HO)
Now handling font encoding PD1 ...
... no UTF-8 mapping file for font encoding PD1
) (C:\Users\Yannick.Hoga\AppData\Roaming\MiKTeX\tex/generic/intcalc\intcalc.sty
Package: intcalc 2019/12/15 v1.3 Expandable calculations with integers (HO)
)
\Hy@SavedSpaceFactor=\count301
(C:\Program Files\MiKTeX\tex/latex/hyperref\puenc.def
File: puenc.def 2023-07-08 v7.01b Hyperref: PDF Unicode definition (HO)
Now handling font encoding PU ...
... no UTF-8 mapping file for font encoding PU
)
Package hyperref Info: Option `bookmarks' set `true' on input line 4050.
Package hyperref Info: Option `bookmarksopen' set `true' on input line 4050.
Package hyperref Info: Option `implicit' set `false' on input line 4050.
Package hyperref Info: Hyper figures OFF on input line 4167.
Package hyperref Info: Link nesting OFF on input line 4172.
Package hyperref Info: Hyper index ON on input line 4175.
Package hyperref Info: Plain pages OFF on input line 4182.
Package hyperref Info: Backreferencing OFF on input line 4187.
Package hyperref Info: Implicit mode OFF; no redefinition of LaTeX internals.
Package hyperref Info: Bookmarks ON on input line 4434.
\c@Hy@tempcnt=\count302
(C:\Program Files\MiKTeX\tex/latex/url\url.sty
\Urlmuskip=\muskip16
Package: url 2013/09/16  ver 3.4  Verb mode for urls, etc.
)
LaTeX Info: Redefining \url on input line 4772.
\XeTeXLinkMargin=\dimen268
(C:\Users\Yannick.Hoga\AppData\Roaming\MiKTeX\tex/generic/bitset\bitset.sty
Package: bitset 2019/12/09 v1.3 Handle bit-vector datatype (HO)

(C:\Users\Yannick.Hoga\AppData\Roaming\MiKTeX\tex/generic/bigintcalc\bigintcalc
.sty
Package: bigintcalc 2019/12/15 v1.5 Expandable calculations on big integers (HO
)
))
\Fld@menulength=\count303
\Field@Width=\dimen269
\Fld@charsize=\dimen270
Package hyperref Info: Hyper figures OFF on input line 6051.
Package hyperref Info: Link nesting OFF on input line 6056.
Package hyperref Info: Hyper index ON on input line 6059.
Package hyperref Info: backreferencing OFF on input line 6066.
Package hyperref Info: Link coloring OFF on input line 6071.
Package hyperref Info: Link coloring with OCG OFF on input line 6076.
Package hyperref Info: PDF/A mode OFF on input line 6081.
\Hy@abspage=\count304

Package hyperref Message: Stopped early.

)
Package hyperref Info: Driver (autodetected): hpdftex.
(C:\Program Files\MiKTeX\tex/latex/hyperref\hpdftex.def
File: hpdftex.def 2023-07-08 v7.01b Hyperref driver for pdfTeX
(C:\Program Files\MiKTeX\tex/latex/base\atveryend-ltx.sty
Package: atveryend-ltx 2020/08/19 v1.0a Emulation of the original atveryend pac
kage
with kernel methods
)
\Fld@listcount=\count305
\c@bookmark@seq@number=\count306

(C:\Users\Yannick.Hoga\AppData\Roaming\MiKTeX\tex/latex/rerunfilecheck\rerunfil
echeck.sty
Package: rerunfilecheck 2022-07-10 v1.10 Rerun checks for auxiliary files (HO)

(C:\Users\Yannick.Hoga\AppData\Roaming\MiKTeX\tex/generic/uniquecounter\uniquec
ounter.sty
Package: uniquecounter 2019/12/15 v1.4 Provide unlimited unique counter (HO)
)
Package uniquecounter Info: New unique counter `rerunfilecheck' on input line 2
85.
))
(C:\Users\Yannick.Hoga\AppData\Roaming\MiKTeX\tex/latex/beamer\beamerbaserequir
es.sty
(C:\Users\Yannick.Hoga\AppData\Roaming\MiKTeX\tex/latex/beamer\beamerbasecompat
ibility.sty)
(C:\Users\Yannick.Hoga\AppData\Roaming\MiKTeX\tex/latex/beamer\beamerbasefont.s
ty (C:\Program Files\MiKTeX\tex/latex/amsfonts\amssymb.sty
Package: amssymb 2013/01/14 v3.01 AMS font symbols
(C:\Program Files\MiKTeX\tex/latex/amsfonts\amsfonts.sty
Package: amsfonts 2013/01/14 v3.01 Basic AMSFonts support
\@emptytoks=\toks29
\symAMSa=\mathgroup4
\symAMSb=\mathgroup5
LaTeX Font Info:    Redeclaring math symbol \hbar on input line 98.
LaTeX Font Info:    Overwriting math alphabet `\mathfrak' in version `bold'
(Font)                  U/euf/m/n --> U/euf/b/n on input line 106.
))
(C:\Users\Yannick.Hoga\AppData\Roaming\MiKTeX\tex/latex/sansmathaccent\sansmath
accent.sty
Package: sansmathaccent 2020/01/31

(C:\Users\Yannick.Hoga\AppData\Roaming\MiKTeX\tex/latex/koma-script\scrlfile.st
y
Package: scrlfile 2023/07/07 v3.41 KOMA-Script package (file load hooks)

(C:\Users\Yannick.Hoga\AppData\Roaming\MiKTeX\tex/latex/koma-script\scrlfile-ho
ok.sty
Package: scrlfile-hook 2023/07/07 v3.41 KOMA-Script package (using LaTeX hooks)


(C:\Users\Yannick.Hoga\AppData\Roaming\MiKTeX\tex/latex/koma-script\scrlogo.sty
Package: scrlogo 2023/07/07 v3.41 KOMA-Script package (logo)
)))))
(C:\Users\Yannick.Hoga\AppData\Roaming\MiKTeX\tex/latex/beamer\beamerbasetransl
ator.sty
(C:\Users\Yannick.Hoga\AppData\Roaming\MiKTeX\tex/latex/translator\translator.s
ty
Package: translator 2021-05-31 v1.12d Easy translation of strings in LaTeX
))
(C:\Users\Yannick.Hoga\AppData\Roaming\MiKTeX\tex/latex/beamer\beamerbasemisc.s
ty)
(C:\Users\Yannick.Hoga\AppData\Roaming\MiKTeX\tex/latex/beamer\beamerbasetwoscr
eens.sty)
(C:\Users\Yannick.Hoga\AppData\Roaming\MiKTeX\tex/latex/beamer\beamerbaseoverla
y.sty
\beamer@argscount=\count307
\beamer@lastskipcover=\skip51
\beamer@trivlistdepth=\count308
)
(C:\Users\Yannick.Hoga\AppData\Roaming\MiKTeX\tex/latex/beamer\beamerbasetitle.
sty)
(C:\Users\Yannick.Hoga\AppData\Roaming\MiKTeX\tex/latex/beamer\beamerbasesectio
n.sty
\c@lecture=\count309
\c@part=\count310
\c@section=\count311
\c@subsection=\count312
\c@subsubsection=\count313
)
(C:\Users\Yannick.Hoga\AppData\Roaming\MiKTeX\tex/latex/beamer\beamerbaseframe.
sty
\beamer@framebox=\box66
\beamer@frametitlebox=\box67
\beamer@zoombox=\box68
\beamer@zoomcount=\count314
\beamer@zoomframecount=\count315
\beamer@frametextheight=\dimen271
\c@subsectionslide=\count316
\beamer@frametopskip=\skip52
\beamer@framebottomskip=\skip53
\beamer@frametopskipautobreak=\skip54
\beamer@framebottomskipautobreak=\skip55
\beamer@envbody=\toks30
\framewidth=\dimen272
\c@framenumber=\count317
)
(C:\Users\Yannick.Hoga\AppData\Roaming\MiKTeX\tex/latex/beamer\beamerbaseverbat
im.sty
\beamer@verbatimfileout=\write4
)
(C:\Users\Yannick.Hoga\AppData\Roaming\MiKTeX\tex/latex/beamer\beamerbaseframes
ize.sty
\beamer@splitbox=\box69
\beamer@autobreakcount=\count318
\beamer@autobreaklastheight=\dimen273
\beamer@frametitletoks=\toks31
\beamer@framesubtitletoks=\toks32
)
(C:\Users\Yannick.Hoga\AppData\Roaming\MiKTeX\tex/latex/beamer\beamerbaseframec
omponents.sty
\beamer@footins=\box70
)
(C:\Users\Yannick.Hoga\AppData\Roaming\MiKTeX\tex/latex/beamer\beamerbasecolor.
sty)
(C:\Users\Yannick.Hoga\AppData\Roaming\MiKTeX\tex/latex/beamer\beamerbasenotes.
sty
\beamer@frameboxcopy=\box71
)
(C:\Users\Yannick.Hoga\AppData\Roaming\MiKTeX\tex/latex/beamer\beamerbasetoc.st
y)
(C:\Users\Yannick.Hoga\AppData\Roaming\MiKTeX\tex/latex/beamer\beamerbasetempla
tes.sty
\beamer@sbttoks=\toks33

(C:\Users\Yannick.Hoga\AppData\Roaming\MiKTeX\tex/latex/beamer\beamerbaseauxtem
plates.sty
(C:\Users\Yannick.Hoga\AppData\Roaming\MiKTeX\tex/latex/beamer\beamerbaseboxes.
sty
\bmb@box=\box72
\bmb@colorbox=\box73
\bmb@boxwidth=\dimen274
\bmb@boxheight=\dimen275
\bmb@prevheight=\dimen276
\bmb@temp=\dimen277
\bmb@dima=\dimen278
\bmb@dimb=\dimen279
\bmb@prevheight=\dimen280
)
\beamer@blockheadheight=\dimen281
))
(C:\Users\Yannick.Hoga\AppData\Roaming\MiKTeX\tex/latex/beamer\beamerbaselocals
tructure.sty (C:\Program Files\MiKTeX\tex/latex/tools\enumerate.sty
Package: enumerate 2015/07/23 v3.00 enumerate extensions (DPC)
\@enLab=\toks34
)
\beamer@bibiconwidth=\skip56
\c@figure=\count319
\c@table=\count320
\abovecaptionskip=\skip57
\belowcaptionskip=\skip58
)
(C:\Users\Yannick.Hoga\AppData\Roaming\MiKTeX\tex/latex/beamer\beamerbasenaviga
tion.sty
(C:\Users\Yannick.Hoga\AppData\Roaming\MiKTeX\tex/latex/beamer\beamerbasenaviga
tionsymbols.tex)
\beamer@section@min@dim=\dimen282
)
(C:\Users\Yannick.Hoga\AppData\Roaming\MiKTeX\tex/latex/beamer\beamerbasetheore
ms.sty (C:\Program Files\MiKTeX\tex/latex/amsmath\amsmath.sty
Package: amsmath 2023/05/13 v2.17o AMS math features
\@mathmargin=\skip59
For additional information on amsmath, use the `?' option.
(C:\Program Files\MiKTeX\tex/latex/amsmath\amstext.sty
Package: amstext 2021/08/26 v2.01 AMS text
(C:\Program Files\MiKTeX\tex/latex/amsmath\amsgen.sty
File: amsgen.sty 1999/11/30 v2.0 generic functions
\@emptytoks=\toks35
\ex@=\dimen283
)) (C:\Program Files\MiKTeX\tex/latex/amsmath\amsbsy.sty
Package: amsbsy 1999/11/29 v1.2d Bold Symbols
\pmbraise@=\dimen284
) (C:\Program Files\MiKTeX\tex/latex/amsmath\amsopn.sty
Package: amsopn 2022/04/08 v2.04 operator names
)
\inf@bad=\count321
LaTeX Info: Redefining \frac on input line 234.
\uproot@=\count322
\leftroot@=\count323
LaTeX Info: Redefining \overline on input line 399.
LaTeX Info: Redefining \colon on input line 410.
\classnum@=\count324
\DOTSCASE@=\count325
LaTeX Info: Redefining \ldots on input line 496.
LaTeX Info: Redefining \dots on input line 499.
LaTeX Info: Redefining \cdots on input line 620.
\Mathstrutbox@=\box74
\strutbox@=\box75
LaTeX Info: Redefining \big on input line 722.
LaTeX Info: Redefining \Big on input line 723.
LaTeX Info: Redefining \bigg on input line 724.
LaTeX Info: Redefining \Bigg on input line 725.
\big@size=\dimen285
LaTeX Font Info:    Redeclaring font encoding OML on input line 743.
LaTeX Font Info:    Redeclaring font encoding OMS on input line 744.
\macc@depth=\count326
LaTeX Info: Redefining \bmod on input line 905.
LaTeX Info: Redefining \pmod on input line 910.
LaTeX Info: Redefining \smash on input line 940.
LaTeX Info: Redefining \relbar on input line 970.
LaTeX Info: Redefining \Relbar on input line 971.
\c@MaxMatrixCols=\count327
\dotsspace@=\muskip17
\c@parentequation=\count328
\dspbrk@lvl=\count329
\tag@help=\toks36
\row@=\count330
\column@=\count331
\maxfields@=\count332
\andhelp@=\toks37
\eqnshift@=\dimen286
\alignsep@=\dimen287
\tagshift@=\dimen288
\tagwidth@=\dimen289
\totwidth@=\dimen290
\lineht@=\dimen291
\@envbody=\toks38
\multlinegap=\skip60
\multlinetaggap=\skip61
\mathdisplay@stack=\toks39
LaTeX Info: Redefining \[ on input line 2953.
LaTeX Info: Redefining \] on input line 2954.
) (C:\Users\Yannick.Hoga\AppData\Roaming\MiKTeX\tex/latex/amscls\amsthm.sty
Package: amsthm 2020/05/29 v2.20.6
\thm@style=\toks40
\thm@bodyfont=\toks41
\thm@headfont=\toks42
\thm@notefont=\toks43
\thm@headpunct=\toks44
\thm@preskip=\skip62
\thm@postskip=\skip63
\thm@headsep=\skip64
\dth@everypar=\toks45
)
\c@theorem=\count333
)
(C:\Users\Yannick.Hoga\AppData\Roaming\MiKTeX\tex/latex/beamer\beamerbasethemes
.sty))
(C:\Users\Yannick.Hoga\AppData\Roaming\MiKTeX\tex/latex/beamer\beamerthemedefau
lt.sty
(C:\Users\Yannick.Hoga\AppData\Roaming\MiKTeX\tex/latex/beamer\beamerfontthemed
efault.sty)
(C:\Users\Yannick.Hoga\AppData\Roaming\MiKTeX\tex/latex/beamer\beamercolortheme
default.sty)
(C:\Users\Yannick.Hoga\AppData\Roaming\MiKTeX\tex/latex/beamer\beamerinnertheme
default.sty
\beamer@dima=\dimen292
\beamer@dimb=\dimen293
)
(C:\Users\Yannick.Hoga\AppData\Roaming\MiKTeX\tex/latex/beamer\beameroutertheme
default.sty))) (C:\Program Files\MiKTeX\tex/latex/lm\lmodern.sty
Package: lmodern 2015/05/01 v1.6.1 Latin Modern Fonts
LaTeX Font Info:    Overwriting symbol font `operators' in version `normal'
(Font)                  OT1/cmr/m/n --> OT1/lmr/m/n on input line 22.
LaTeX Font Info:    Overwriting symbol font `letters' in version `normal'
(Font)                  OML/cmm/m/it --> OML/lmm/m/it on input line 23.
LaTeX Font Info:    Overwriting symbol font `symbols' in version `normal'
(Font)                  OMS/cmsy/m/n --> OMS/lmsy/m/n on input line 24.
LaTeX Font Info:    Overwriting symbol font `largesymbols' in version `normal'
(Font)                  OMX/cmex/m/n --> OMX/lmex/m/n on input line 25.
LaTeX Font Info:    Overwriting symbol font `operators' in version `bold'
(Font)                  OT1/cmr/bx/n --> OT1/lmr/bx/n on input line 26.
LaTeX Font Info:    Overwriting symbol font `letters' in version `bold'
(Font)                  OML/cmm/b/it --> OML/lmm/b/it on input line 27.
LaTeX Font Info:    Overwriting symbol font `symbols' in version `bold'
(Font)                  OMS/cmsy/b/n --> OMS/lmsy/b/n on input line 28.
LaTeX Font Info:    Overwriting symbol font `largesymbols' in version `bold'
(Font)                  OMX/cmex/m/n --> OMX/lmex/m/n on input line 29.
LaTeX Font Info:    Overwriting math alphabet `\mathbf' in version `normal'
(Font)                  OT1/cmr/bx/n --> OT1/lmr/bx/n on input line 31.
LaTeX Font Info:    Overwriting math alphabet `\mathsf' in version `normal'
(Font)                  OT1/cmss/m/n --> OT1/lmss/m/n on input line 32.
LaTeX Font Info:    Overwriting math alphabet `\mathit' in version `normal'
(Font)                  OT1/cmr/m/it --> OT1/lmr/m/it on input line 33.
LaTeX Font Info:    Overwriting math alphabet `\mathtt' in version `normal'
(Font)                  OT1/cmtt/m/n --> OT1/lmtt/m/n on input line 34.
LaTeX Font Info:    Overwriting math alphabet `\mathbf' in version `bold'
(Font)                  OT1/cmr/bx/n --> OT1/lmr/bx/n on input line 35.
LaTeX Font Info:    Overwriting math alphabet `\mathsf' in version `bold'
(Font)                  OT1/cmss/bx/n --> OT1/lmss/bx/n on input line 36.
LaTeX Font Info:    Overwriting math alphabet `\mathit' in version `bold'
(Font)                  OT1/cmr/bx/it --> OT1/lmr/bx/it on input line 37.
LaTeX Font Info:    Overwriting math alphabet `\mathtt' in version `bold'
(Font)                  OT1/cmtt/m/n --> OT1/lmtt/m/n on input line 38.
) (C:\Program Files\MiKTeX\tex/generic/iftex\ifxetex.sty
Package: ifxetex 2019/10/25 v0.7 ifxetex legacy package. Use iftex instead.
) (C:\Program Files\MiKTeX\tex/generic/iftex\ifluatex.sty
Package: ifluatex 2019/10/25 v1.5 ifluatex legacy package. Use iftex instead.
) (C:\Program Files\MiKTeX\tex/latex/base\fontenc.sty
Package: fontenc 2021/04/29 v2.0v Standard LaTeX package
LaTeX Font Info:    Trying to load font information for T1+lmss on input line 1
12.
(C:\Program Files\MiKTeX\tex/latex/lm\t1lmss.fd
File: t1lmss.fd 2015/05/01 v1.6.1 Font defs for Latin Modern
)) (C:\Program Files\MiKTeX\tex/latex/base\inputenc.sty
Package: inputenc 2021/02/14 v1.3d Input encoding file
\inpenc@prehook=\toks46
\inpenc@posthook=\toks47
) (C:\Users\Yannick.Hoga\AppData\Roaming\MiKTeX\tex/latex/upquote\upquote.sty
Package: upquote 2012/04/19 v1.3 upright-quote and grave-accent glyphs in verba
tim
(C:\Program Files\MiKTeX\tex/latex/base\textcomp.sty
Package: textcomp 2020/02/02 v2.0n Standard LaTeX package
))
(C:\Users\Yannick.Hoga\AppData\Roaming\MiKTeX\tex/latex/microtype\microtype.sty
Package: microtype 2023/03/13 v3.1a Micro-typographical refinements (RS)
\MT@toks=\toks48
\MT@tempbox=\box76
\MT@count=\count334
LaTeX Info: Redefining \noprotrusionifhmode on input line 1059.
LaTeX Info: Redefining \leftprotrusion on input line 1060.
\MT@prot@toks=\toks49
LaTeX Info: Redefining \rightprotrusion on input line 1078.
LaTeX Info: Redefining \textls on input line 1368.
\MT@outer@kern=\dimen294
LaTeX Info: Redefining \textmicrotypecontext on input line 1988.
\MT@listname@count=\count335

(C:\Users\Yannick.Hoga\AppData\Roaming\MiKTeX\tex/latex/microtype\microtype-pdf
tex.def
File: microtype-pdftex.def 2023/03/13 v3.1a Definitions specific to pdftex (RS)

LaTeX Info: Redefining \lsstyle on input line 902.
LaTeX Info: Redefining \lslig on input line 902.
\MT@outer@space=\skip65
)
Package microtype Info: Loading configuration file microtype.cfg.

(C:\Users\Yannick.Hoga\AppData\Roaming\MiKTeX\tex/latex/microtype\microtype.cfg
File: microtype.cfg 2023/03/13 v3.1a microtype main configuration file (RS)
))
Package hyperref Info: Option `unicode' set `true' on input line 33.
Package hyperref Info: Option `colorlinks' set `true' on input line 33.
Package hyperref Info: Option `breaklinks' set `true' on input line 33.
(C:\Program Files\MiKTeX\tex/generic/babel\babel.sty
Package: babel 2023/09/29 v3.95 The Babel package
\babel@savecnt=\count336
\U@D=\dimen295
\l@unhyphenated=\language79
(C:\Program Files\MiKTeX\tex/generic/babel\txtbabel.def)
\bbl@readstream=\read3
LaTeX Info: Redefining \textlatin on input line 3947.
\bbl@dirlevel=\count337
*************************************
* Local config file bblopts.cfg used
*
(C:\Program Files\MiKTeX\tex/latex/arabi\bblopts.cfg
File: bblopts.cfg 2005/09/08 v0.1 add Arabic and Farsi to "declared" options of
 babel
)
Package babel Info: Main language set with 'main='. Except if you have
(babel)             problems, prefer the default mechanism for setting
(babel)             the main language, ie, as the last declared.
(babel)             Reported on input line 4203.

(C:\Users\Yannick.Hoga\AppData\Roaming\MiKTeX\tex/latex/babel-german\ngerman.ld
f
Language: ngerman 2021/02/27 v2.13 German support for babel (post-1996 orthogra
phy)

(C:\Users\Yannick.Hoga\AppData\Roaming\MiKTeX\tex/latex/babel-german\ngermanb.l
df
Language: ngermanb 2021/02/27 v2.13 German support for babel (post-1996 orthogr
aphy)
))) (C:\Program Files\MiKTeX\tex/generic/babel/locale/de\babel-ngerman.tex
Package babel Info: Importing font and identification data for ngerman
(babel)             from babel-de.ini. Reported on input line 11.
)
\cslhangindent=\skip66
\csllabelwidth=\skip67
\cslentryspacingunit=\skip68
(C:\Program Files\MiKTeX\tex/latex/tools\calc.sty
Package: calc 2017/05/25 v4.3 Infix arithmetic (KKT,FJ)
\calc@Acount=\count338
\calc@Bcount=\count339
\calc@Adimen=\dimen296
\calc@Bdimen=\dimen297
\calc@Askip=\skip69
\calc@Bskip=\skip70
LaTeX Info: Redefining \setlength on input line 80.
LaTeX Info: Redefining \addtolength on input line 81.
\calc@Ccount=\count340
\calc@Cskip=\skip71
) (C:\Users\Yannick.Hoga\AppData\Roaming\MiKTeX\tex/latex/fancyvrb\fancyvrb.sty
Package: fancyvrb 2023/01/19 4.5a verbatim text (tvz,hv)
\FV@CodeLineNo=\count341
\FV@InFile=\read4
\FV@TabBox=\box77
\c@FancyVerbLine=\count342
\FV@StepNumber=\count343
\FV@OutFile=\write5
) (C:\Users\Yannick.Hoga\AppData\Roaming\MiKTeX\tex/latex/framed\framed.sty
Package: framed 2011/10/22 v 0.96: framed or shaded text with page breaks
\OuterFrameSep=\skip72
\fb@frw=\dimen298
\fb@frh=\dimen299
\FrameRule=\dimen300
\FrameSep=\dimen301
) (C:\Program Files\MiKTeX\tex/latex/tools\longtable.sty
Package: longtable 2021-09-01 v4.17 Multi-page Table package (DPC)
\LTleft=\skip73
\LTright=\skip74
\LTpre=\skip75
\LTpost=\skip76
\LTchunksize=\count344
\LTcapwidth=\dimen302
\LT@head=\box78
\LT@firsthead=\box79
\LT@foot=\box80
\LT@lastfoot=\box81
\LT@gbox=\box82
\LT@cols=\count345
\LT@rows=\count346
\c@LT@tables=\count347
\c@LT@chunks=\count348
\LT@p@ftn=\toks50
) (C:\Users\Yannick.Hoga\AppData\Roaming\MiKTeX\tex/latex/booktabs\booktabs.sty
Package: booktabs 2020/01/12 v1.61803398 Publication quality tables
\heavyrulewidth=\dimen303
\lightrulewidth=\dimen304
\cmidrulewidth=\dimen305
\belowrulesep=\dimen306
\belowbottomsep=\dimen307
\aboverulesep=\dimen308
\abovetopsep=\dimen309
\cmidrulesep=\dimen310
\cmidrulekern=\dimen311
\defaultaddspace=\dimen312
\@cmidla=\count349
\@cmidlb=\count350
\@aboverulesep=\dimen313
\@belowrulesep=\dimen314
\@thisruleclass=\count351
\@lastruleclass=\count352
\@thisrulewidth=\dimen315
) (C:\Users\Yannick.Hoga\AppData\Roaming\MiKTeX\tex/latex/parskip\parskip.sty
Package: parskip 2021-03-14 v2.0h non-zero parskip adjustments
)
(C:/Users/Yannick.Hoga/AppData/Local/R/win-library/4.3/runidue/rmarkdown/templa
tes/lectureslides/resources/ee.sty)
(C:/Users/Yannick.Hoga/AppData/Local/R/win-library/4.3/runidue/rmarkdown/templa
tes/lectureslides/resources//BeamerColor.sty

LaTeX Warning: You have requested package `C:/Users/Yannick.Hoga/AppData/Local/
R/win-library/4.3/runidue/rmarkdown/templates/lectureslides/resources//BeamerCo
lor',
               but the package provides `BeamerColor'.

Package: BeamerColor 08/01/2008
) (C:\Users\Yannick.Hoga\AppData\Roaming\MiKTeX\tex/latex/hypernat\hypernat.sty
Package: hypernat 2001/07/09 v1.0b hyperref and natbib compatibility (jb)
)
(C:\Users\Yannick.Hoga\AppData\Roaming\MiKTeX\tex/latex/mathtools\mathtools.sty
Package: mathtools 2022/06/29 v1.29 mathematical typesetting tools
(C:\Users\Yannick.Hoga\AppData\Roaming\MiKTeX\tex/latex/mathtools\mhsetup.sty
Package: mhsetup 2021/03/18 v1.4 programming setup (MH)
)
\g_MT_multlinerow_int=\count353
\l_MT_multwidth_dim=\dimen316
\origjot=\skip77
\l_MT_shortvdotswithinadjustabove_dim=\dimen317
\l_MT_shortvdotswithinadjustbelow_dim=\dimen318
\l_MT_above_intertext_sep=\dimen319
\l_MT_below_intertext_sep=\dimen320
\l_MT_above_shortintertext_sep=\dimen321
\l_MT_below_shortintertext_sep=\dimen322
\xmathstrut@box=\box83
\xmathstrut@dim=\dimen323
)
(C:\Users\Yannick.Hoga\AppData\Roaming\MiKTeX\tex/latex/adjustbox\adjustbox.sty
Package: adjustbox 2022/10/17 v1.3a Adjusting TeX boxes (trim, clip, ...)
(C:\Program Files\MiKTeX\tex/latex/xkeyval\xkeyval.sty
Package: xkeyval 2022/06/16 v2.9 package option processing (HA)
(C:\Program Files\MiKTeX\tex/generic/xkeyval\xkeyval.tex (C:\Program Files\MiKT
eX\tex/generic/xkeyval\xkvutils.tex
\XKV@toks=\toks51
\XKV@tempa@toks=\toks52
)
\XKV@depth=\count354
File: xkeyval.tex 2014/12/03 v2.7a key=value parser (HA)
)) (C:\Users\Yannick.Hoga\AppData\Roaming\MiKTeX\tex/latex/adjustbox\adjcalc.st
y
Package: adjcalc 2012/05/16 v1.1 Provides advanced setlength with multiple back
-ends (calc, etex, pgfmath)
) (C:\Users\Yannick.Hoga\AppData\Roaming\MiKTeX\tex/latex/adjustbox\trimclip.st
y
Package: trimclip 2020/08/19 v1.2 Trim and clip general TeX material

(C:\Users\Yannick.Hoga\AppData\Roaming\MiKTeX\tex/latex/collectbox\collectbox.s
ty
Package: collectbox 2022/10/17 v0.4c Collect macro arguments as boxes
\collectedbox=\box84
)
\tc@llx=\dimen324
\tc@lly=\dimen325
\tc@urx=\dimen326
\tc@ury=\dimen327
Package trimclip Info: Using driver 'tc-pdftex.def'.

(C:\Users\Yannick.Hoga\AppData\Roaming\MiKTeX\tex/latex/adjustbox\tc-pdftex.def
File: tc-pdftex.def 2019/01/04 v2.2 Clipping driver for pdftex
))
\adjbox@Width=\dimen328
\adjbox@Height=\dimen329
\adjbox@Depth=\dimen330
\adjbox@Totalheight=\dimen331
\adjbox@pwidth=\dimen332
\adjbox@pheight=\dimen333
\adjbox@pdepth=\dimen334
\adjbox@ptotalheight=\dimen335

(C:\Users\Yannick.Hoga\AppData\Roaming\MiKTeX\tex/latex/ifoddpage\ifoddpage.sty
Package: ifoddpage 2022/10/18 v1.2 Conditionals for odd/even page detection
\c@checkoddpage=\count355
) (C:\Users\Yannick.Hoga\AppData\Roaming\MiKTeX\tex/latex/varwidth\varwidth.sty
Package: varwidth 2009/03/30 ver 0.92;  Variable-width minipages
\@vwid@box=\box85
\sift@deathcycles=\count356
\@vwid@loff=\dimen336
\@vwid@roff=\dimen337
)) (C:\Users\Yannick.Hoga\AppData\Roaming\MiKTeX\tex/latex/makecell\makecell.st
y
Package: makecell 2009/08/03 V0.1e Managing of Tab Column Heads and Cells
(C:\Program Files\MiKTeX\tex/latex/tools\array.sty
Package: array 2022/09/04 v2.5g Tabular extension package (FMi)
\col@sep=\dimen338
\ar@mcellbox=\box86
\extrarowheight=\dimen339
\NC@list=\toks53
\extratabsurround=\skip78
\backup@length=\skip79
\ar@cellbox=\box87
)
\rotheadsize=\dimen340
\c@nlinenum=\count357
\TeXr@lab=\toks54
) (C:\Users\Yannick.Hoga\AppData\Roaming\MiKTeX\tex/latex/diagbox\diagbox.sty
Package: diagbox 2020/02/09 v2.3 Making table heads with diagonal lines
(C:\Users\Yannick.Hoga\AppData\Roaming\MiKTeX\tex/latex/pict2e\pict2e.sty
Package: pict2e 2020/09/30 v0.4b Improved picture commands (HjG,RN,JT)
(C:\Users\Yannick.Hoga\AppData\Roaming\MiKTeX\tex/latex/pict2e\pict2e.cfg
File: pict2e.cfg 2016/02/05 v0.1u pict2e configuration for teTeX/TeXLive
)
Package pict2e Info: Driver file: pdftex.def on input line 112.
Package pict2e Info: Driver file for pict2e: p2e-pdftex.def on input line 114.
(C:\Users\Yannick.Hoga\AppData\Roaming\MiKTeX\tex/latex/pict2e\p2e-pdftex.def
File: p2e-pdftex.def 2016/02/05 v0.1u Driver-dependant file (RN,HjG,JT)
)
\pIIe@GRAPH=\toks55
\@arclen=\dimen341
\@arcrad=\dimen342
\pIIe@tempdima=\dimen343
\pIIe@tempdimb=\dimen344
\pIIe@tempdimc=\dimen345
\pIIe@tempdimd=\dimen346
\pIIe@tempdime=\dimen347
\pIIe@tempdimf=\dimen348
)
\diagbox@boxa=\box88
\diagbox@boxb=\box89
\diagbox@boxm=\box90
\diagbox@wd=\dimen349
\diagbox@ht=\dimen350
\diagbox@insepl=\dimen351
\diagbox@insepr=\dimen352
\diagbox@outsepl=\dimen353
\diagbox@outsepr=\dimen354
)
\sympureletters=\mathgroup6
LaTeX Font Info:    Overwriting symbol font `pureletters' in version `bold'
(Font)                  OT1/mathkerncmss/m/sl --> OT1/mathkerncmss/bx/sl on inp
ut line 162.
(C:\Program Files\MiKTeX\tex/latex/tools\bm.sty
Package: bm 2022/01/05 v1.2f Bold Symbol Support (DPC/FMi)
\symboldoperators=\mathgroup7
\symboldletters=\mathgroup8
\symboldsymbols=\mathgroup9
Package bm Info: No bold for \OMX/lmex/m/n, using \pmb.
Package bm Info: No bold for \U/msa/m/n, using \pmb.
Package bm Info: No bold for \U/msb/m/n, using \pmb.
\symboldpureletters=\mathgroup10
LaTeX Font Info:    Redeclaring math alphabet \mathbf on input line 149.
) (C:\Users\Yannick.Hoga\AppData\Roaming\MiKTeX\tex/latex/bbm\bbm.sty
Package: bbm 1999/03/15 V 1.2 provides fonts for set symbols - TH
LaTeX Font Info:    Overwriting math alphabet `\mathbbm' in version `bold'
(Font)                  U/bbm/m/n --> U/bbm/bx/n on input line 33.
LaTeX Font Info:    Overwriting math alphabet `\mathbbmss' in version `bold'
(Font)                  U/bbmss/m/n --> U/bbmss/bx/n on input line 35.
) (C:\Users\Yannick.Hoga\AppData\Roaming\MiKTeX\tex/latex/subfig\subfig.sty
Package: subfig 2005/06/28 ver: 1.3 subfig package
(C:\Users\Yannick.Hoga\AppData\Roaming\MiKTeX\tex/latex/caption\caption.sty
Package: caption 2023/08/05 v3.6o Customizing captions (AR)
(C:\Users\Yannick.Hoga\AppData\Roaming\MiKTeX\tex/latex/caption\caption3.sty
Package: caption3 2023/07/31 v2.4d caption3 kernel (AR)
\caption@tempdima=\dimen355
\captionmargin=\dimen356
\caption@leftmargin=\dimen357
\caption@rightmargin=\dimen358
\caption@width=\dimen359
\caption@indent=\dimen360
\caption@parindent=\dimen361
\caption@hangindent=\dimen362
Package caption Info: beamer document class detected.

(C:\Users\Yannick.Hoga\AppData\Roaming\MiKTeX\tex/latex/caption\caption-beamer.
sto
File: caption-beamer.sto 2022/01/06 v2.0c Adaption of the caption package to th
e beamer document classes (AR)
))
\c@caption@flags=\count358
\c@continuedfloat=\count359
Package caption Info: hyperref package is loaded.
Package caption Info: Hyperref support is turned off
(caption)             because hyperref has stopped early.
Package caption Info: longtable package is loaded.
(C:\Users\Yannick.Hoga\AppData\Roaming\MiKTeX\tex/latex/caption\ltcaption.sty
Package: ltcaption 2021/01/08 v1.4c longtable captions (AR)
))
\c@KVtest=\count360
\sf@farskip=\skip80
\sf@captopadj=\dimen363
\sf@capskip=\skip81
\sf@nearskip=\skip82
\c@subfigure=\count361
\c@subfigure@save=\count362
\c@depth=\count363
\c@subtable=\count364
\c@subtable@save=\count365
\sf@top=\skip83
\sf@bottom=\skip84
) (C:\Users\Yannick.Hoga\AppData\Roaming\MiKTeX\tex/latex/forest\forest.sty
Package: forest 2017/07/14 v2.1.5 Drawing (linguistic) trees
(C:\Program Files\MiKTeX\tex/latex/pgf/frontendlayer\tikz.sty (C:\Program Files
\MiKTeX\tex/latex/pgf/basiclayer\pgf.sty
Package: pgf 2023-01-15 v3.1.10 (3.1.10)
(C:\Program Files\MiKTeX\tex/generic/pgf/modules\pgfmoduleshapes.code.tex
File: pgfmoduleshapes.code.tex 2023-01-15 v3.1.10 (3.1.10)
\pgfnodeparttextbox=\box91
) (C:\Program Files\MiKTeX\tex/generic/pgf/modules\pgfmoduleplot.code.tex
File: pgfmoduleplot.code.tex 2023-01-15 v3.1.10 (3.1.10)
) (C:\Program Files\MiKTeX\tex/latex/pgf/compatibility\pgfcomp-version-0-65.sty
Package: pgfcomp-version-0-65 2023-01-15 v3.1.10 (3.1.10)
\pgf@nodesepstart=\dimen364
\pgf@nodesepend=\dimen365
) (C:\Program Files\MiKTeX\tex/latex/pgf/compatibility\pgfcomp-version-1-18.sty
Package: pgfcomp-version-1-18 2023-01-15 v3.1.10 (3.1.10)
)) (C:\Program Files\MiKTeX\tex/latex/pgf/utilities\pgffor.sty (C:\Program File
s\MiKTeX\tex/generic/pgf/utilities\pgffor.code.tex
Package: pgffor 2023-01-15 v3.1.10 (3.1.10)
\pgffor@iter=\dimen366
\pgffor@skip=\dimen367
\pgffor@stack=\toks56
\pgffor@toks=\toks57
)) (C:\Program Files\MiKTeX\tex/generic/pgf/frontendlayer/tikz\tikz.code.tex
Package: tikz 2023-01-15 v3.1.10 (3.1.10)

(C:\Program Files\MiKTeX\tex/generic/pgf/libraries\pgflibraryplothandlers.code.
tex
File: pgflibraryplothandlers.code.tex 2023-01-15 v3.1.10 (3.1.10)
\pgf@plot@mark@count=\count366
\pgfplotmarksize=\dimen368
)
\tikz@lastx=\dimen369
\tikz@lasty=\dimen370
\tikz@lastxsaved=\dimen371
\tikz@lastysaved=\dimen372
\tikz@lastmovetox=\dimen373
\tikz@lastmovetoy=\dimen374
\tikzleveldistance=\dimen375
\tikzsiblingdistance=\dimen376
\tikz@figbox=\box92
\tikz@figbox@bg=\box93
\tikz@tempbox=\box94
\tikz@tempbox@bg=\box95
\tikztreelevel=\count367
\tikznumberofchildren=\count368
\tikznumberofcurrentchild=\count369
\tikz@fig@count=\count370
(C:\Program Files\MiKTeX\tex/generic/pgf/modules\pgfmodulematrix.code.tex
File: pgfmodulematrix.code.tex 2023-01-15 v3.1.10 (3.1.10)
\pgfmatrixcurrentrow=\count371
\pgfmatrixcurrentcolumn=\count372
\pgf@matrix@numberofcolumns=\count373
)
\tikz@expandcount=\count374

(C:\Program Files\MiKTeX\tex/generic/pgf/frontendlayer/tikz/libraries\tikzlibra
rytopaths.code.tex
File: tikzlibrarytopaths.code.tex 2023-01-15 v3.1.10 (3.1.10)
)))
(C:\Program Files\MiKTeX\tex/generic/pgf/frontendlayer/tikz/libraries\tikzlibra
ryshapes.code.tex
File: tikzlibraryshapes.code.tex 2023-01-15 v3.1.10 (3.1.10)

(C:\Program Files\MiKTeX\tex/generic/pgf/frontendlayer/tikz/libraries\tikzlibra
ryshapes.geometric.code.tex
File: tikzlibraryshapes.geometric.code.tex 2023-01-15 v3.1.10 (3.1.10)

(C:\Program Files\MiKTeX\tex/generic/pgf/libraries/shapes\pgflibraryshapes.geom
etric.code.tex
File: pgflibraryshapes.geometric.code.tex 2023-01-15 v3.1.10 (3.1.10)
))
(C:\Program Files\MiKTeX\tex/generic/pgf/frontendlayer/tikz/libraries\tikzlibra
ryshapes.misc.code.tex
File: tikzlibraryshapes.misc.code.tex 2023-01-15 v3.1.10 (3.1.10)

(C:\Program Files\MiKTeX\tex/generic/pgf/libraries/shapes\pgflibraryshapes.misc
.code.tex
File: pgflibraryshapes.misc.code.tex 2023-01-15 v3.1.10 (3.1.10)
))
(C:\Program Files\MiKTeX\tex/generic/pgf/frontendlayer/tikz/libraries\tikzlibra
ryshapes.symbols.code.tex
File: tikzlibraryshapes.symbols.code.tex 2023-01-15 v3.1.10 (3.1.10)

(C:\Program Files\MiKTeX\tex/generic/pgf/libraries/shapes\pgflibraryshapes.symb
ols.code.tex
File: pgflibraryshapes.symbols.code.tex 2023-01-15 v3.1.10 (3.1.10)
))
(C:\Program Files\MiKTeX\tex/generic/pgf/frontendlayer/tikz/libraries\tikzlibra
ryshapes.arrows.code.tex
File: tikzlibraryshapes.arrows.code.tex 2023-01-15 v3.1.10 (3.1.10)

(C:\Program Files\MiKTeX\tex/generic/pgf/libraries/shapes\pgflibraryshapes.arro
ws.code.tex
File: pgflibraryshapes.arrows.code.tex 2023-01-15 v3.1.10 (3.1.10)
))
(C:\Program Files\MiKTeX\tex/generic/pgf/frontendlayer/tikz/libraries\tikzlibra
ryshapes.callouts.code.tex
(C:\Program Files\MiKTeX\tex/generic/pgf/libraries/shapes\pgflibraryshapes.call
outs.code.tex))
(C:\Program Files\MiKTeX\tex/generic/pgf/frontendlayer/tikz/libraries\tikzlibra
ryshapes.multipart.code.tex
File: tikzlibraryshapes.multipart.code.tex 2023-01-15 v3.1.10 (3.1.10)

(C:\Program Files\MiKTeX\tex/generic/pgf/libraries/shapes\pgflibraryshapes.mult
ipart.code.tex
File: pgflibraryshapes.multipart.code.tex 2023-01-15 v3.1.10 (3.1.10)
\pgfnodepartlowerbox=\box96
\pgfnodeparttwobox=\box97
\pgfnodepartthreebox=\box98
\pgfnodepartfourbox=\box99
\pgfnodeparttwentybox=\box100
\pgfnodepartnineteenbox=\box101
\pgfnodeparteighteenbox=\box102
\pgfnodepartseventeenbox=\box103
\pgfnodepartsixteenbox=\box104
\pgfnodepartfifteenbox=\box105
\pgfnodepartfourteenbox=\box106
\pgfnodepartthirteenbox=\box107
\pgfnodeparttwelvebox=\box108
\pgfnodepartelevenbox=\box109
\pgfnodeparttenbox=\box110
\pgfnodepartninebox=\box111
\pgfnodeparteightbox=\box112
\pgfnodepartsevenbox=\box113
\pgfnodepartsixbox=\box114
\pgfnodepartfivebox=\box115
)))
(C:\Program Files\MiKTeX\tex/generic/pgf/frontendlayer/tikz/libraries\tikzlibra
ryfit.code.tex
File: tikzlibraryfit.code.tex 2023-01-15 v3.1.10 (3.1.10)
)
(C:\Program Files\MiKTeX\tex/generic/pgf/frontendlayer/tikz/libraries\tikzlibra
rycalc.code.tex
File: tikzlibrarycalc.code.tex 2023-01-15 v3.1.10 (3.1.10)
)
(C:\Program Files\MiKTeX\tex/generic/pgf/libraries\pgflibraryintersections.code
.tex (C:\Program Files\MiKTeX\tex/generic/pgf/libraries\pgflibraryfpu.code.tex)
\pgf@intersect@solutions=\count375
) (C:\Users\Yannick.Hoga\AppData\Roaming\MiKTeX\tex/latex/pgfopts\pgfopts.sty
Package: pgfopts 2014/07/10 v2.1a LaTeX package options with pgfkeys
\pgfopts@list@add@a@toks=\toks58
\pgfopts@list@add@b@toks=\toks59
)
(C:\Users\Yannick.Hoga\AppData\Roaming\MiKTeX\tex/latex/elocalloc\elocalloc.sty
Package: elocalloc 2016/12/15 v0.03 local allocation for LaTeX 2015+ (DPC)
) (C:\Program Files\MiKTeX\tex/latex/environ\environ.sty
Package: environ 2014/05/04 v0.3 A new way to define environments
(C:\Program Files\MiKTeX\tex/latex/trimspaces\trimspaces.sty
Package: trimspaces 2009/09/17 v1.1 Trim spaces around a token list
)) (C:\Program Files\MiKTeX\tex/latex/l3packages/xparse\xparse.sty (C:\Program 
Files\MiKTeX\tex/latex/l3kernel\expl3.sty
Package: expl3 2023-10-10 L3 programming layer (loader) 
(C:\Program Files\MiKTeX\tex/latex/l3backend\l3backend-pdftex.def
File: l3backend-pdftex.def 2023-10-10 L3 backend support: PDF output (pdfTeX)
\l__color_backend_stack_int=\count376
\l__pdf_internal_box=\box116
))
Package: xparse 2023-10-10 L3 Experimental document command parser
)
(C:\Users\Yannick.Hoga\AppData\Roaming\MiKTeX\tex/latex/inlinedef\inlinedef.sty
Package: inlinedef 2008/07/10 v1.0 Inlined expansions within definitions
\ID@toks=\toks60
\ID@count=\count377
)
\ID@usercommands=\toks61
\safeloop@depth=\count378
\safeRKloop@depth=\count379
\forest@temp@dimen=\dimen377
\forest@temp@count=\count380
\forest@n=\count381
\forest@temp@global@count=\count382
\forest@temp@toks=\toks62
\forest@temparray@M=\count383
\forest@temparray@N=\count384
\forest@global@temparray@M=\count385
\forest@global@temparray@N=\count386
\forest@isnum@count=\count387
\forest@isdim@nonintpart=\count388
\forest@isdim@dimen=\dimen378
\forest@sort@m=\count389
\forest@sort@k=\count390
\forest@sort@p=\count391
\bracket@content=\toks63
\bracket@afterthought=\toks64
\forest@node@maxid=\count392
\forest@process@left@M=\count393
\forest@process@left@N=\count394
\forest@process@right@M=\count395
\forest@process@right@N=\count396
\forest@process@saved@M=\count397
\forest@process@saved@N=\count398
\forest@process@result@M=\count399
\forest@process@result@N=\count400
\forest@process@n=\count401
\forest@nodewalk@branch@toks=\toks65
\forest@nodewalk@shortsteps@resolution=\toks66
\forest@do@dynamics=\toks67
\forest@box=\box117
\forest@xg=\dimen379
\forest@yg=\dimen380
\forest@xs=\dimen381
\forest@ys=\dimen382
\forest@pi@toks=\toks68
\forest@segment@toks=\toks69
\forest@PIi@toks=\toks70
\forest@PIii@toks=\toks71
\forest@copy@in=\read5
\forest@copy@out=\write6
\forest@externalize@max@outer@n=\count402
\forest@externalize@inner@n=\count403
) (C:\Users\Yannick.Hoga\AppData\Roaming\MiKTeX\tex/generic/soul\soul.sty
Package: soul 2023-06-14 v3.1 Permit use of UTF-8 characters in soul (HO)
(C:\Users\Yannick.Hoga\AppData\Roaming\MiKTeX\tex/generic/soul\soul-ori.sty
Package: soul-ori 2023-06-14 v3.1 letterspacing/underlining (mf)
\SOUL@word=\toks72
\SOUL@lasttoken=\toks73
\SOUL@syllable=\toks74
\SOUL@cmds=\toks75
\SOUL@buffer=\toks76
\SOUL@token=\toks77
\SOUL@syllgoal=\dimen383
\SOUL@syllwidth=\dimen384
\SOUL@charkern=\dimen385
\SOUL@hyphkern=\dimen386
\SOUL@dimen=\dimen387
\SOUL@dimeni=\dimen388
\SOUL@minus=\count404
\SOUL@comma=\count405
\SOUL@apo=\count406
\SOUL@grave=\count407
\SOUL@spaceskip=\skip85
\SOUL@ttwidth=\dimen389
\SOUL@uldp=\dimen390
\SOUL@ulht=\dimen391
)
(C:\Users\Yannick.Hoga\AppData\Roaming\MiKTeX\tex/generic/etexcmds\etexcmds.sty
Package: etexcmds 2019/12/15 v1.7 Avoid name clashes with e-TeX commands (HO)
)) (C:\Users\Yannick.Hoga\AppData\Roaming\MiKTeX\tex/latex/zref\zref.sty
Package: zref 2023-09-14 v2.35 A new reference scheme for LaTeX (HO)
(C:\Users\Yannick.Hoga\AppData\Roaming\MiKTeX\tex/latex/zref\zref-base.sty
Package: zref-base 2023-09-14 v2.35 Module base for zref (HO)
Package zref Info: New property list: main on input line 767.
Package zref Info: New property: default on input line 768.
Package zref Info: New property: page on input line 769.
)) (C:\Users\Yannick.Hoga\AppData\Roaming\MiKTeX\tex/latex/zref\zref-user.sty
Package: zref-user 2023-09-14 v2.35 Module user for zref (HO)
) (C:\Users\Yannick.Hoga\AppData\Roaming\MiKTeX\tex/latex/zref\zref-xr.sty
Package: zref-xr 2023-09-14 v2.35 Module xr for zref (HO)
Package zref Info: New property: url on input line 58.
Package zref Info: New property: urluse on input line 59.
Package zref Info: New property: externaldocument on input line 60.
\ZREF@xr@URL=\count408
) (C:\Users\Yannick.Hoga\AppData\Roaming\MiKTeX\tex/latex/mathtools\empheq.sty
Package: empheq 2017/03/31 v2.15 Emphasizing equations
\l_EQ_equationtype_int=\count409
\l_EQ_alignmentmode_int=\count410
\l_EQ_totalwidth_dim=\dimen392
\l_EQ_displaywidth_dim=\dimen393
\l_EQ_temp_linewidth_dim=\dimen394
\l_EQ_linewidth_dim=\dimen395
\EmphEqdelimitershortfall=\dimen396
\EmphEqdelimiterfactor=\count411
\g_EQ_toptag_height_dim=\dimen397
\g_EQ_bottomtag_depth_dim=\dimen398
\g_EQ_toprow_height_dim=\dimen399
\g_EQ_bottomrow_depth_dim=\dimen400
\g_EQ_widesttag_dim=\dimen401
\EQ_mathdisplay_box=\box118
\EQ_tag_box=\box119
\g_EQ_temprow_int=\count412
)
(C:\Program Files\MiKTeX\tex/generic/pgf/frontendlayer/tikz/libraries\tikzlibra
ryarrows.code.tex
File: tikzlibraryarrows.code.tex 2023-01-15 v3.1.10 (3.1.10)
(C:\Program Files\MiKTeX\tex/generic/pgf/libraries\pgflibraryarrows.code.tex
File: pgflibraryarrows.code.tex 2023-01-15 v3.1.10 (3.1.10)
\arrowsize=\dimen402
))
(C:\Program Files\MiKTeX\tex/generic/pgf/frontendlayer/tikz/libraries\tikzlibra
rydecorations.markings.code.tex
(C:\Program Files\MiKTeX\tex/generic/pgf/frontendlayer/tikz/libraries\tikzlibra
rydecorations.code.tex (C:\Program Files\MiKTeX\tex/generic/pgf/modules\pgfmodu
ledecorations.code.tex
\pgfdecoratedcompleteddistance=\dimen403
\pgfdecoratedremainingdistance=\dimen404
\pgfdecoratedinputsegmentcompleteddistance=\dimen405
\pgfdecoratedinputsegmentremainingdistance=\dimen406
\pgf@decorate@distancetomove=\dimen407
\pgf@decorate@repeatstate=\count413
\pgfdecorationsegmentamplitude=\dimen408
\pgfdecorationsegmentlength=\dimen409
)
\tikz@lib@dec@box=\box120
)
(C:\Program Files\MiKTeX\tex/generic/pgf/libraries/decorations\pgflibrarydecora
tions.markings.code.tex))
Package zref Info: New property: anchor on input line 183.
Package zref Info: New property: title on input line 183.
Package zref-xr Info: Label (zref) import from `MatrixAlgebra/MatrixAlgebraWint
er2024.aux' on input line 184.
Package zref-xr Info: Statistics for `MatrixAlgebra/MatrixAlgebraWinter2024.aux
':
(zref-xr)             65 zref label(s) found.
\c@thmn=\count414

(C:\Users\Yannick.Hoga\AppData\Roaming\MiKTeX\tex/latex/beamer\beamercolortheme
structure.sty) (MdÖ_WS24.aux)
\openout1 = `MdÖ_WS24.aux'.

LaTeX Font Info:    Checking defaults for OML/cmm/m/it on input line 472.
LaTeX Font Info:    ... okay on input line 472.
LaTeX Font Info:    Checking defaults for OMS/cmsy/m/n on input line 472.
LaTeX Font Info:    ... okay on input line 472.
LaTeX Font Info:    Checking defaults for OT1/cmr/m/n on input line 472.
LaTeX Font Info:    ... okay on input line 472.
LaTeX Font Info:    Checking defaults for T1/cmr/m/n on input line 472.
LaTeX Font Info:    ... okay on input line 472.
LaTeX Font Info:    Checking defaults for TS1/cmr/m/n on input line 472.
LaTeX Font Info:    ... okay on input line 472.
LaTeX Font Info:    Checking defaults for OMX/cmex/m/n on input line 472.
LaTeX Font Info:    ... okay on input line 472.
LaTeX Font Info:    Checking defaults for U/cmr/m/n on input line 472.
LaTeX Font Info:    ... okay on input line 472.
LaTeX Font Info:    Checking defaults for PD1/pdf/m/n on input line 472.
LaTeX Font Info:    ... okay on input line 472.
LaTeX Font Info:    Checking defaults for PU/pdf/m/n on input line 472.
LaTeX Font Info:    ... okay on input line 472.
*geometry* driver: auto-detecting
*geometry* detected driver: pdftex
*geometry* verbose mode - [ preamble ] result:
* driver: pdftex
* paper: custom
* layout: <same size as paper>
* layoutoffset:(h,v)=(0.0pt,0.0pt)
* modes: includehead includefoot 
* h-part:(L,W,R)=(10.0pt, 344.19536pt, 10.0pt)
* v-part:(T,H,B)=(0.0pt, 273.14662pt, 0.0pt)
* \paperwidth=364.19536pt
* \paperheight=273.14662pt
* \textwidth=344.19536pt
* \textheight=244.6939pt
* \oddsidemargin=-62.26999pt
* \evensidemargin=-62.26999pt
* \topmargin=-72.26999pt
* \headheight=14.22636pt
* \headsep=0.0pt
* \topskip=9.0pt
* \footskip=14.22636pt
* \marginparwidth=4.0pt
* \marginparsep=10.0pt
* \columnsep=10.0pt
* \skip\footins=8.0pt plus 4.0pt minus 2.0pt
* \hoffset=0.0pt
* \voffset=0.0pt
* \mag=1000
* \@twocolumnfalse
* \@twosidefalse
* \@mparswitchfalse
* \@reversemarginfalse
* (1in=72.27pt=25.4mm, 1cm=28.453pt)

(C:\Program Files\MiKTeX\tex/context/base/mkii\supp-pdf.mkii
[Loading MPS to PDF converter (version 2006.09.02).]
\scratchcounter=\count415
\scratchdimen=\dimen410
\scratchbox=\box121
\nofMPsegments=\count416
\nofMParguments=\count417
\everyMPshowfont=\toks78
\MPscratchCnt=\count418
\MPscratchDim=\dimen411
\MPnumerator=\count419
\makeMPintoPDFobject=\count420
\everyMPtoPDFconversion=\toks79
) (C:\Program Files\MiKTeX\tex/latex/epstopdf-pkg\epstopdf-base.sty
Package: epstopdf-base 2020-01-24 v2.11 Base part for package epstopdf
Package epstopdf-base Info: Redefining graphics rule for `.eps' on input line 4
85.
(C:\Program Files\MiKTeX\tex/latex/00miktex\epstopdf-sys.cfg
File: epstopdf-sys.cfg 2021/03/18 v2.0 Configuration of epstopdf for MiKTeX
))
Package hyperref Info: Link coloring ON on input line 472.
(MdÖ_WS24.out) (MdÖ_WS24.out)
\@outlinefile=\write7
\openout7 = `MdÖ_WS24.out'.

LaTeX Font Info:    Overwriting symbol font `operators' in version `normal'
(Font)                  OT1/lmr/m/n --> OT1/cmss/m/n on input line 472.
LaTeX Font Info:    Overwriting symbol font `operators' in version `bold'
(Font)                  OT1/lmr/bx/n --> OT1/cmss/b/n on input line 472.
LaTeX Font Info:    Overwriting symbol font `operators' in version `normal'
(Font)                  OT1/cmss/m/n --> OT1/lmss/m/n on input line 472.
LaTeX Font Info:    Overwriting symbol font `operators' in version `bold'
(Font)                  OT1/cmss/b/n --> OT1/lmss/b/n on input line 472.
\symnumbers=\mathgroup11
LaTeX Font Info:    Redeclaring symbol font `pureletters' on input line 472.
LaTeX Font Info:    Encoding `OT1' has changed to `T1' for symbol font
(Font)              `pureletters' in the math version `normal' on input line 47
2.
LaTeX Font Info:    Overwriting symbol font `pureletters' in version `normal'
(Font)                  OT1/mathkerncmss/m/sl --> T1/lmss/m/it on input line 47
2.
LaTeX Font Info:    Encoding `OT1' has changed to `T1' for symbol font
(Font)              `pureletters' in the math version `bold' on input line 472.

LaTeX Font Info:    Overwriting symbol font `pureletters' in version `bold'
(Font)                  OT1/mathkerncmss/bx/sl --> T1/lmss/m/it on input line 4
72.
LaTeX Font Info:    Overwriting math alphabet `\mathrm' in version `normal'
(Font)                  OT1/lmss/m/n --> T1/lmr/m/n on input line 472.
LaTeX Font Info:    Redeclaring math alphabet \mathbf on input line 472.
LaTeX Font Info:    Redeclaring math alphabet \mathsf on input line 472.
LaTeX Font Info:    Overwriting math alphabet `\mathsf' in version `normal'
(Font)                  OT1/lmss/m/n --> T1/lmss/m/n on input line 472.
LaTeX Font Info:    Overwriting math alphabet `\mathsf' in version `bold'
(Font)                  OT1/lmss/bx/n --> T1/lmss/m/n on input line 472.
LaTeX Font Info:    Redeclaring math alphabet \mathit on input line 472.
LaTeX Font Info:    Overwriting math alphabet `\mathit' in version `normal'
(Font)                  OT1/lmr/m/it --> T1/lmss/m/it on input line 472.
LaTeX Font Info:    Overwriting math alphabet `\mathit' in version `bold'
(Font)                  OT1/lmr/bx/it --> T1/lmss/m/it on input line 472.
LaTeX Font Info:    Redeclaring math alphabet \mathtt on input line 472.
LaTeX Font Info:    Overwriting math alphabet `\mathtt' in version `normal'
(Font)                  OT1/lmtt/m/n --> T1/lmtt/m/n on input line 472.
LaTeX Font Info:    Overwriting math alphabet `\mathtt' in version `bold'
(Font)                  OT1/lmtt/m/n --> T1/lmtt/m/n on input line 472.
LaTeX Font Info:    Overwriting symbol font `numbers' in version `bold'
(Font)                  T1/lmss/m/n --> T1/lmss/b/n on input line 472.
LaTeX Font Info:    Overwriting symbol font `pureletters' in version `bold'
(Font)                  T1/lmss/m/it --> T1/lmss/b/it on input line 472.
LaTeX Font Info:    Overwriting math alphabet `\mathrm' in version `bold'
(Font)                  OT1/lmss/b/n --> T1/lmr/b/n on input line 472.
LaTeX Font Info:    Overwriting math alphabet `\mathbf' in version `bold'
(Font)                  T1/lmss/b/n --> T1/lmss/b/n on input line 472.
LaTeX Font Info:    Overwriting math alphabet `\mathsf' in version `bold'
(Font)                  T1/lmss/m/n --> T1/lmss/b/n on input line 472.
LaTeX Font Info:    Overwriting math alphabet `\mathit' in version `bold'
(Font)                  T1/lmss/m/it --> T1/lmss/b/it on input line 472.
LaTeX Font Info:    Overwriting math alphabet `\mathtt' in version `bold'
(Font)                  T1/lmtt/m/n --> T1/lmtt/b/n on input line 472.
LaTeX Font Info:    Redeclaring symbol font `boldpureletters' on input line 472
.
LaTeX Font Info:    Encoding `OT1' has changed to `T1' for symbol font
(Font)              `boldpureletters' in the math version `normal' on input lin
e 472.
LaTeX Font Info:    Overwriting symbol font `boldpureletters' in version `norma
l'
(Font)                  OT1/mathkerncmss/bx/sl --> T1/lmss/bx/it on input line 
472.
LaTeX Font Info:    Encoding `OT1' has changed to `T1' for symbol font
(Font)              `boldpureletters' in the math version `bold' on input line 
472.
LaTeX Font Info:    Overwriting symbol font `boldpureletters' in version `bold'

(Font)                  OT1/mathkerncmss/bx/sl --> T1/lmss/bx/it on input line 
472.

(C:\Users\Yannick.Hoga\AppData\Roaming\MiKTeX\tex/latex/translator\translator-b
asic-dictionary-English.dict
Dictionary: translator-basic-dictionary, Language: English 
)
(C:\Users\Yannick.Hoga\AppData\Roaming\MiKTeX\tex/latex/translator\translator-b
asic-dictionary-German.dict
Dictionary: translator-basic-dictionary, Language: German 
)
(C:\Users\Yannick.Hoga\AppData\Roaming\MiKTeX\tex/latex/translator\translator-b
ibliography-dictionary-English.dict
Dictionary: translator-bibliography-dictionary, Language: English 
)
(C:\Users\Yannick.Hoga\AppData\Roaming\MiKTeX\tex/latex/translator\translator-b
ibliography-dictionary-German.dict
Dictionary: translator-bibliography-dictionary, Language: German 
)
(C:\Users\Yannick.Hoga\AppData\Roaming\MiKTeX\tex/latex/translator\translator-e
nvironment-dictionary-English.dict
Dictionary: translator-environment-dictionary, Language: English 
)
(C:\Users\Yannick.Hoga\AppData\Roaming\MiKTeX\tex/latex/translator\translator-e
nvironment-dictionary-German.dict
Dictionary: translator-environment-dictionary, Language: German 
)
(C:\Users\Yannick.Hoga\AppData\Roaming\MiKTeX\tex/latex/translator\translator-m
onths-dictionary-English.dict
Dictionary: translator-months-dictionary, Language: English 
)
(C:\Users\Yannick.Hoga\AppData\Roaming\MiKTeX\tex/latex/translator\translator-m
onths-dictionary-German.dict
Dictionary: translator-months-dictionary, Language: German 
)
(C:\Users\Yannick.Hoga\AppData\Roaming\MiKTeX\tex/latex/translator\translator-n
umbers-dictionary-English.dict
Dictionary: translator-numbers-dictionary, Language: English 
)
(C:\Users\Yannick.Hoga\AppData\Roaming\MiKTeX\tex/latex/translator\translator-n
umbers-dictionary-German.dict
Dictionary: translator-numbers-dictionary, Language: German 
)
(C:\Users\Yannick.Hoga\AppData\Roaming\MiKTeX\tex/latex/translator\translator-t
heorem-dictionary-English.dict
Dictionary: translator-theorem-dictionary, Language: English 
)
(C:\Users\Yannick.Hoga\AppData\Roaming\MiKTeX\tex/latex/translator\translator-t
heorem-dictionary-German.dict
Dictionary: translator-theorem-dictionary, Language: German 
)
LaTeX Info: Redefining \microtypecontext on input line 472.
Package microtype Info: Applying patch `item' on input line 472.
Package microtype Info: Applying patch `toc' on input line 472.
Package microtype Info: Applying patch `eqnum' on input line 472.
Package microtype Info: Applying patch `footnote' on input line 472.
Package microtype Info: Applying patch `verbatim' on input line 472.
Package microtype Info: Generating PDF output.
Package microtype Info: Character protrusion enabled (level 2).
Package microtype Info: Using protrusion set `basicmath'.
Package microtype Info: Automatic font expansion enabled (level 2),
(microtype)             stretch: 20, shrink: 20, step: 1, non-selected.
Package microtype Info: Using default expansion set `alltext-nott'.
LaTeX Info: Redefining \showhyphens on input line 472.
Package microtype Info: No adjustment of tracking.
Package microtype Info: No adjustment of interword spacing.
Package microtype Info: No adjustment of character kerning.
Package microtype Info: Loading generic protrusion settings for font family
(microtype)             `lmss' (encoding: T1).
(microtype)             For optimal results, create family-specific settings.
(microtype)             See the microtype manual for details.
Package caption Info: Begin \AtBeginDocument code.
Package caption Info: subfig package v1.3 is loaded.
Package caption Info: End \AtBeginDocument code.
(MdÖ_WS24.nav)

pdfTeX warning: pdflatex.exe (file C:/Users/Yannick.Hoga/AppData/Local/R/win-li
brary/4.3/runidue/rmarkdown/templates/lectureslides/resources/duetower.pdf): PD
F inclusion: found PDF version <1.7>, but at most version <1.5> allowed
<C:/Users/Yannick.Hoga/AppData/Local/R/win-library/4.3/runidue/rmarkdown/templa
tes/lectureslides/resources/duetower.pdf, id=50, 1456.44125pt x 1092.08pt>
File: C:/Users/Yannick.Hoga/AppData/Local/R/win-library/4.3/runidue/rmarkdown/t
emplates/lectureslides/resources/duetower.pdf Graphic file (type pdf)
<use C:/Users/Yannick.Hoga/AppData/Local/R/win-library/4.3/runidue/rmarkdown/te
mplates/lectureslides/resources/duetower.pdf>
Package pdftex.def Info: C:/Users/Yannick.Hoga/AppData/Local/R/win-library/4.3/
runidue/rmarkdown/templates/lectureslides/resources/duetower.pdf  used on input
 line 476.
(pdftex.def)             Requested size: 364.10942pt x 273.01933pt.
[1

{C:/Users/Yannick.Hoga/AppData/Local/MiKTeX/fonts/map/pdftex/pdftex.map}{C:/Pro
gram Files/MiKTeX/fonts/enc/dvips/lm/lm-ec.enc} <C:/Users/Yannick.Hoga/AppData/
Local/R/win-library/4.3/runidue/rmarkdown/templates/lectureslides/resources/due
tower.pdf>] (MdÖ_WS24.toc) [2

]
pdfTeX warning (ext4): destination with the same identifier (name{einfuxfchrung
}) has been already used, duplicate ignored
<to be read again> 
                   \relax 
l.494 \end{frame}
                 
LaTeX Font Info:    Trying to load font information for OT1+lmss on input line 
494.
(C:\Program Files\MiKTeX\tex/latex/lm\ot1lmss.fd
File: ot1lmss.fd 2015/05/01 v1.6.1 Font defs for Latin Modern
)
Package microtype Info: Loading generic protrusion settings for font family
(microtype)             `lmss' (encoding: OT1).
(microtype)             For optimal results, create family-specific settings.
(microtype)             See the microtype manual for details.
LaTeX Font Info:    Trying to load font information for OML+lmm on input line 4
94.
(C:\Program Files\MiKTeX\tex/latex/lm\omllmm.fd
File: omllmm.fd 2015/05/01 v1.6.1 Font defs for Latin Modern
)
LaTeX Font Info:    Trying to load font information for OMS+lmsy on input line 
494.
(C:\Program Files\MiKTeX\tex/latex/lm\omslmsy.fd
File: omslmsy.fd 2015/05/01 v1.6.1 Font defs for Latin Modern
)
LaTeX Font Info:    Trying to load font information for OMX+lmex on input line 
494.
(C:\Program Files\MiKTeX\tex/latex/lm\omxlmex.fd
File: omxlmex.fd 2015/05/01 v1.6.1 Font defs for Latin Modern
)
LaTeX Font Info:    External font `lmex10' loaded for size
(Font)              <9> on input line 494.
LaTeX Font Info:    External font `lmex10' loaded for size
(Font)              <6> on input line 494.
LaTeX Font Info:    External font `lmex10' loaded for size
(Font)              <5> on input line 494.
LaTeX Font Info:    Trying to load font information for U+msa on input line 494
.
(C:\Program Files\MiKTeX\tex/latex/amsfonts\umsa.fd
File: umsa.fd 2013/01/14 v3.01 AMS symbols A
) (C:\Users\Yannick.Hoga\AppData\Roaming\MiKTeX\tex/latex/microtype\mt-msa.cfg
File: mt-msa.cfg 2006/02/04 v1.1 microtype config. file: AMS symbols (a) (RS)
)
LaTeX Font Info:    Trying to load font information for U+msb on input line 494
.
(C:\Program Files\MiKTeX\tex/latex/amsfonts\umsb.fd
File: umsb.fd 2013/01/14 v3.01 AMS symbols B
) (C:\Users\Yannick.Hoga\AppData\Roaming\MiKTeX\tex/latex/microtype\mt-msb.cfg
File: mt-msb.cfg 2005/06/01 v1.0 microtype config. file: AMS symbols (b) (RS)
)
LaTeX Font Info:    Font shape `T1/lmss/m/it' in size <9> not available
(Font)              Font shape `T1/lmss/m/sl' tried instead on input line 494.
LaTeX Font Info:    Font shape `T1/lmss/m/it' in size <6> not available
(Font)              Font shape `T1/lmss/m/sl' tried instead on input line 494.
LaTeX Font Info:    Font shape `T1/lmss/m/it' in size <5> not available
(Font)              Font shape `T1/lmss/m/sl' tried instead on input line 494.
LaTeX Font Info:    Trying to load font information for OT1+lmr on input line 4
94.
(C:\Program Files\MiKTeX\tex/latex/lm\ot1lmr.fd
File: ot1lmr.fd 2015/05/01 v1.6.1 Font defs for Latin Modern
) (C:\Users\Yannick.Hoga\AppData\Roaming\MiKTeX\tex/latex/microtype\mt-cmr.cfg
File: mt-cmr.cfg 2013/05/19 v2.2 microtype config. file: Computer Modern Roman 
(RS)
)
LaTeX Font Info:    Font shape `T1/lmss/bx/it' in size <9> not available
(Font)              Font shape `T1/lmss/bx/sl' tried instead on input line 494.

LaTeX Font Info:    Font shape `T1/lmss/bx/it' in size <6> not available
(Font)              Font shape `T1/lmss/bx/sl' tried instead on input line 494.

LaTeX Font Info:    Font shape `T1/lmss/bx/it' in size <5> not available
(Font)              Font shape `T1/lmss/bx/sl' tried instead on input line 494.

[3

{C:/Program Files/MiKTeX/fonts/enc/dvips/lm/lm-mathsy.enc}]

pdfTeX warning: pdflatex.exe (file C:/Users/Yannick.Hoga/AppData/Local/R/win-li
brary/4.3/runidue/rmarkdown/templates/lectureslides/resources/Rlogo.pdf): PDF i
nclusion: found PDF version <1.7>, but at most version <1.5> allowed
<C:/Users/Yannick.Hoga/AppData/Local/R/win-library/4.3/runidue/rmarkdown/templa
tes/lectureslides/resources/Rlogo.pdf, id=107, 723.70375pt x 558.085pt>
File: C:/Users/Yannick.Hoga/AppData/Local/R/win-library/4.3/runidue/rmarkdown/t
emplates/lectureslides/resources/Rlogo.pdf Graphic file (type pdf)
<use C:/Users/Yannick.Hoga/AppData/Local/R/win-library/4.3/runidue/rmarkdown/te
mplates/lectureslides/resources/Rlogo.pdf>
Package pdftex.def Info: C:/Users/Yannick.Hoga/AppData/Local/R/win-library/4.3/
runidue/rmarkdown/templates/lectureslides/resources/Rlogo.pdf  used on input li
ne 520.
(pdftex.def)             Requested size: 9.91644pt x 7.65005pt.
[4

 <C:/Users/Yannick.Hoga/AppData/Local/R/win-library/4.3/runidue/rmarkdown/templ
ates/lectureslides/resources/Rlogo.pdf>]
\openout4 = `MdÖ_WS24.vrb'.

(MdÖ_WS24.vrb
LaTeX Font Info:    External font `lmex10' loaded for size
(Font)              <8> on input line 10.
LaTeX Font Info:    Font shape `T1/lmss/m/it' in size <8> not available
(Font)              Font shape `T1/lmss/m/sl' tried instead on input line 10.
LaTeX Font Info:    Font shape `T1/lmss/bx/it' in size <8> not available
(Font)              Font shape `T1/lmss/bx/sl' tried instead on input line 10.
File: C:/Users/Yannick.Hoga/AppData/Local/R/win-library/4.3/runidue/rmarkdown/t
emplates/lectureslides/resources/Rlogo.pdf Graphic file (type pdf)
<use C:/Users/Yannick.Hoga/AppData/Local/R/win-library/4.3/runidue/rmarkdown/te
mplates/lectureslides/resources/Rlogo.pdf>
Package pdftex.def Info: C:/Users/Yannick.Hoga/AppData/Local/R/win-library/4.3/
runidue/rmarkdown/templates/lectureslides/resources/Rlogo.pdf  used on input li
ne 20.
(pdftex.def)             Requested size: 9.91644pt x 7.65005pt.
LaTeX Font Info:    Trying to load font information for T1+lmtt on input line 2
0.
(C:\Program Files\MiKTeX\tex/latex/lm\t1lmtt.fd
File: t1lmtt.fd 2015/05/01 v1.6.1 Font defs for Latin Modern
)
File: C:/Users/Yannick.Hoga/AppData/Local/R/win-library/4.3/runidue/rmarkdown/t
emplates/lectureslides/resources/Rlogo.pdf Graphic file (type pdf)
<use C:/Users/Yannick.Hoga/AppData/Local/R/win-library/4.3/runidue/rmarkdown/te
mplates/lectureslides/resources/Rlogo.pdf>
Package pdftex.def Info: C:/Users/Yannick.Hoga/AppData/Local/R/win-library/4.3/
runidue/rmarkdown/templates/lectureslides/resources/Rlogo.pdf  used on input li
ne 26.
(pdftex.def)             Requested size: 8.81216pt x 6.80005pt.
LaTeX Font Info:    External font `lmex10' loaded for size
(Font)              <7> on input line 40.
LaTeX Font Info:    Font shape `T1/lmss/m/it' in size <7> not available
(Font)              Font shape `T1/lmss/m/sl' tried instead on input line 40.
LaTeX Font Info:    Font shape `T1/lmss/bx/it' in size <7> not available
(Font)              Font shape `T1/lmss/bx/sl' tried instead on input line 40.
) [5

] [6

] [7

] [8

] [9

]
<Resources/DAGDuenger.jpeg, id=185, 756.57657pt x 380.17032pt>
File: Resources/DAGDuenger.jpeg Graphic file (type jpg)
<use Resources/DAGDuenger.jpeg>
Package pdftex.def Info: Resources/DAGDuenger.jpeg  used on input line 681.
(pdftex.def)             Requested size: 275.35733pt x 138.36365pt.
[10

 <./Resources/DAGDuenger.jpeg>] [11

]
<Resources/DAGLoehne.jpeg, id=207, 756.57657pt x 380.17032pt>
File: Resources/DAGLoehne.jpeg Graphic file (type jpg)
<use Resources/DAGLoehne.jpeg>
Package pdftex.def Info: Resources/DAGLoehne.jpeg  used on input line 740.
(pdftex.def)             Requested size: 275.35733pt x 138.36365pt.
[12

 <./Resources/DAGLoehne.jpeg>] [13

] [14

{C:/Program Files/MiKTeX/fonts/enc/dvips/lm/lm-rm.enc}{C:/Program Files/MiKTeX/
fonts/enc/dvips/lm/lm-mathit.enc}]
Overfull \vbox (18.01457pt too high) detected at line 857
 []

[15

{C:/Program Files/MiKTeX/fonts/enc/dvips/lm/lm-mathex.enc}]
Overfull \vbox (18.29733pt too high) detected at line 891
 []

[16

] [17

] [18

] [19

] [20

]
LaTeX Font Info:    Trying to load font information for T1+lmr on input line 10
28.
(C:\Program Files\MiKTeX\tex/latex/lm\t1lmr.fd
File: t1lmr.fd 2015/05/01 v1.6.1 Font defs for Latin Modern
) [21

]
<Resources/Plots/wage-1.pdf, id=333, 299.6003pt x 144.79997pt>
File: Resources/Plots/wage-1.pdf Graphic file (type pdf)
<use Resources/Plots/wage-1.pdf>
Package pdftex.def Info: Resources/Plots/wage-1.pdf  used on input line 1049.
(pdftex.def)             Requested size: 299.59955pt x 144.79962pt.

Overfull \vbox (1.60936pt too high) detected at line 1049
 []

[22

 <./Resources/Plots/wage-1.pdf>] [23

] [24

] [25

] [26

]
<Resources/Plots/wage2a-1.pdf, id=400, 299.6003pt x 144.79997pt>
File: Resources/Plots/wage2a-1.pdf Graphic file (type pdf)
<use Resources/Plots/wage2a-1.pdf>
Package pdftex.def Info: Resources/Plots/wage2a-1.pdf  used on input line 1187.

(pdftex.def)             Requested size: 299.59955pt x 144.79962pt.

Overfull \vbox (7.60936pt too high) detected at line 1187
 []

[27

 <./Resources/Plots/wage2a-1.pdf>] [28

]
Overfull \hbox (4.93588pt too wide) detected at line 1229
[]
 []

[29

] [30

]
<Resources/Plots/wage3-1.pdf, id=447, 299.6003pt x 144.79997pt>
File: Resources/Plots/wage3-1.pdf Graphic file (type pdf)
<use Resources/Plots/wage3-1.pdf>
Package pdftex.def Info: Resources/Plots/wage3-1.pdf  used on input line 1263.
(pdftex.def)             Requested size: 299.59955pt x 144.79962pt.
[31

 <./Resources/Plots/wage3-1.pdf>] [32

]
<Resources/Plots/wage4-1.pdf, id=474, 299.6003pt x 144.79997pt>
File: Resources/Plots/wage4-1.pdf Graphic file (type pdf)
<use Resources/Plots/wage4-1.pdf>
Package pdftex.def Info: Resources/Plots/wage4-1.pdf  used on input line 1311.
(pdftex.def)             Requested size: 299.59955pt x 144.79962pt.
[33

 <./Resources/Plots/wage4-1.pdf>] [34

] [35

] [36

] (MdÖ_WS24.toc) [37

]
pdfTeX warning (ext4): destination with the same identifier (name{regression-pr
ojektion-und-kausalituxe4t}) has been already used, duplicate ignored
<to be read again> 
                   \relax 
l.1411 \end{frame}
                   [38

] [39

] [40

] [41

]
LaTeX Font Info:    External font `lmex10' loaded for size
(Font)              <10.95> on input line 1543.
LaTeX Font Info:    Font shape `T1/lmss/m/it' in size <10.95> not available
(Font)              Font shape `T1/lmss/m/sl' tried instead on input line 1543.

LaTeX Font Info:    Font shape `T1/lmss/bx/it' in size <10.95> not available
(Font)              Font shape `T1/lmss/bx/sl' tried instead on input line 1543
.
[42

] [43

] [44

] [45

] [46

] [47

] [48

] [49

] [50

]
LaTeX Font Info:    Font shape `OT1/lmss/b/n' in size <9> not available
(Font)              Font shape `OT1/lmss/bx/n' tried instead on input line 1749
.
LaTeX Font Info:    Font shape `OT1/lmss/b/n' in size <6> not available
(Font)              Font shape `OT1/lmss/bx/n' tried instead on input line 1749
.
LaTeX Font Info:    Font shape `OT1/lmss/b/n' in size <5> not available
(Font)              Font shape `OT1/lmss/bx/n' tried instead on input line 1749
.
LaTeX Font Info:    Font shape `T1/lmss/b/it' in size <9> not available
(Font)              Font shape `T1/lmss/bx/it' tried instead on input line 1749
.
LaTeX Font Info:    Font shape `T1/lmss/bx/it' in size <9> not available
(Font)              Font shape `T1/lmss/bx/sl' tried instead on input line 1749
.
LaTeX Font Info:    Font shape `T1/lmss/b/it' in size <6> not available
(Font)              Font shape `T1/lmss/bx/it' tried instead on input line 1749
.
LaTeX Font Info:    Font shape `T1/lmss/bx/it' in size <6> not available
(Font)              Font shape `T1/lmss/bx/sl' tried instead on input line 1749
.
LaTeX Font Info:    Font shape `T1/lmss/b/it' in size <5> not available
(Font)              Font shape `T1/lmss/bx/it' tried instead on input line 1749
.
LaTeX Font Info:    Font shape `T1/lmss/bx/it' in size <5> not available
(Font)              Font shape `T1/lmss/bx/sl' tried instead on input line 1749
.
LaTeX Font Info:    Font shape `T1/lmss/b/n' in size <9> not available
(Font)              Font shape `T1/lmss/bx/n' tried instead on input line 1749.

LaTeX Font Info:    Font shape `T1/lmss/b/n' in size <6> not available
(Font)              Font shape `T1/lmss/bx/n' tried instead on input line 1749.

LaTeX Font Info:    Font shape `T1/lmss/b/n' in size <5> not available
(Font)              Font shape `T1/lmss/bx/n' tried instead on input line 1749.

[51

] [52

] [53

]
<Resources/Plots/ProjExp-1.pdf, id=767, 299.6003pt x 206.7203pt>
File: Resources/Plots/ProjExp-1.pdf Graphic file (type pdf)
<use Resources/Plots/ProjExp-1.pdf>
Package pdftex.def Info: Resources/Plots/ProjExp-1.pdf  used on input line 1810
.
(pdftex.def)             Requested size: 299.59955pt x 206.71979pt.

Overfull \vbox (0.96053pt too high) detected at line 1810
 []

[54

 <./Resources/Plots/ProjExp-1.pdf>] [55

] [56

] [57

] [58

] [59

] [60

] [61

]
pdfTeX warning (ext4): destination with the same identifier (name{schuxe4tzung-
des-ate-1}) has been already used, duplicate ignored
<to be read again> 
                   \relax 
l.1994 \end{frame}
                   [62

]
pdfTeX warning (ext4): destination with the same identifier (name{schuxe4tzung-
des-ate-1}) has been already used, duplicate ignored
<to be read again> 
                   \relax 
l.1994 \end{frame}
                   [63

] [64

] [65

]
Overfull \vbox (12.96193pt too high) detected at line 2085
 []

[66

] [67

] [68

] [69

] [70

] [71

] [72

]
pdfTeX warning (ext4): destination with the same identifier (name{beispiel-bef-
und-ate-1}) has been already used, duplicate ignored
<to be read again> 
                   \relax 
l.2264 \end{frame}
                   [73

]
pdfTeX warning (ext4): destination with the same identifier (name{beispiel-bef-
und-ate-1}) has been already used, duplicate ignored
<to be read again> 
                   \relax 
l.2264 \end{frame}
                   [74

]
pdfTeX warning (ext4): destination with the same identifier (name{beispiel-bef-
und-ate-1}) has been already used, duplicate ignored
<to be read again> 
                   \relax 
l.2264 \end{frame}
                   [75

]
pdfTeX warning (ext4): destination with the same identifier (name{beispiel-bef-
und-ate-1}) has been already used, duplicate ignored
<to be read again> 
                   \relax 
l.2264 \end{frame}
                   [76

]
pdfTeX warning (ext4): destination with the same identifier (name{beispiel-bef-
und-ate-1}) has been already used, duplicate ignored
<to be read again> 
                   \relax 
l.2264 \end{frame}
                   [77

] [78

] [79

] [80

]
Overfull \vbox (3.70271pt too high) detected at line 2367
 []

[81

] [82

] (MdÖ_WS24.toc) [83

]
pdfTeX warning (ext4): destination with the same identifier (name{lineare-regre
ssion}) has been already used, duplicate ignored
<to be read again> 
                   \relax 
l.2403 \end{frame}
                   [84

] [85

] [86

] [87

] [88

]
<Resources/Plots/KQIllu1-1.pdf, id=1253, 208.5401pt x 208.5401pt>
File: Resources/Plots/KQIllu1-1.pdf Graphic file (type pdf)
<use Resources/Plots/KQIllu1-1.pdf>
Package pdftex.def Info: Resources/Plots/KQIllu1-1.pdf  used on input line 2506
.
(pdftex.def)             Requested size: 208.53958pt x 208.53958pt.

Overfull \vbox (2.78032pt too high) detected at line 2506
 []

[89

 <./Resources/Plots/KQIllu1-1.pdf>]
<Resources/Plots/KQIllu2-1.pdf, id=1269, 208.5401pt x 208.5401pt>
File: Resources/Plots/KQIllu2-1.pdf Graphic file (type pdf)
<use Resources/Plots/KQIllu2-1.pdf>
Package pdftex.def Info: Resources/Plots/KQIllu2-1.pdf  used on input line 2513
.
(pdftex.def)             Requested size: 208.53958pt x 208.53958pt.

Overfull \vbox (2.78032pt too high) detected at line 2513
 []

[90

 <./Resources/Plots/KQIllu2-1.pdf>]
<Resources/Plots/KQIllu3-1.pdf, id=1301, 208.5401pt x 208.5401pt>
File: Resources/Plots/KQIllu3-1.pdf Graphic file (type pdf)
<use Resources/Plots/KQIllu3-1.pdf>
Package pdftex.def Info: Resources/Plots/KQIllu3-1.pdf  used on input line 2520
.
(pdftex.def)             Requested size: 208.53958pt x 208.53958pt.

Overfull \vbox (2.78032pt too high) detected at line 2520
 []

[91

 <./Resources/Plots/KQIllu3-1.pdf>]
<Resources/Plots/KQIllu4-1.pdf, id=1336, 208.5401pt x 208.5401pt>
File: Resources/Plots/KQIllu4-1.pdf Graphic file (type pdf)
<use Resources/Plots/KQIllu4-1.pdf>
Package pdftex.def Info: Resources/Plots/KQIllu4-1.pdf  used on input line 2527
.
(pdftex.def)             Requested size: 208.53958pt x 208.53958pt.

Overfull \vbox (2.78032pt too high) detected at line 2527
 []

[92

 <./Resources/Plots/KQIllu4-1.pdf>]
<Resources/Plots/KQIllu5-1.pdf, id=1374, 208.5401pt x 208.5401pt>
File: Resources/Plots/KQIllu5-1.pdf Graphic file (type pdf)
<use Resources/Plots/KQIllu5-1.pdf>
Package pdftex.def Info: Resources/Plots/KQIllu5-1.pdf  used on input line 2534
.
(pdftex.def)             Requested size: 208.53958pt x 208.53958pt.

Overfull \vbox (2.78032pt too high) detected at line 2534
 []

[93

 <./Resources/Plots/KQIllu5-1.pdf>]
<Resources/Plots/KQIllu6-1.pdf, id=1410, 208.5401pt x 208.5401pt>
File: Resources/Plots/KQIllu6-1.pdf Graphic file (type pdf)
<use Resources/Plots/KQIllu6-1.pdf>
Package pdftex.def Info: Resources/Plots/KQIllu6-1.pdf  used on input line 2541
.
(pdftex.def)             Requested size: 208.53958pt x 208.53958pt.

Overfull \vbox (2.78032pt too high) detected at line 2541
 []

[94

 <./Resources/Plots/KQIllu6-1.pdf>]
File: C:/Users/Yannick.Hoga/AppData/Local/R/win-library/4.3/runidue/rmarkdown/t
emplates/lectureslides/resources/Rlogo.pdf Graphic file (type pdf)
<use C:/Users/Yannick.Hoga/AppData/Local/R/win-library/4.3/runidue/rmarkdown/te
mplates/lectureslides/resources/Rlogo.pdf>
Package pdftex.def Info: C:/Users/Yannick.Hoga/AppData/Local/R/win-library/4.3/
runidue/rmarkdown/templates/lectureslides/resources/Rlogo.pdf  used on input li
ne 2583.
(pdftex.def)             Requested size: 12.05875pt x 9.30756pt.

Overfull \vbox (2.28972pt too high) detected at line 2583
 []

[95

]
\openout4 = `MdÖ_WS24.vrb'.

(MdÖ_WS24.vrb
LaTeX Font Info:    Font shape `T1/lmtt/bx/n' in size <7> not available
(Font)              Font shape `T1/lmtt/b/n' tried instead on input line 7.
LaTeX Font Info:    Trying to load font information for TS1+lmtt on input line 
33.
(C:\Program Files\MiKTeX\tex/latex/lm\ts1lmtt.fd
File: ts1lmtt.fd 2015/05/01 v1.6.1 Font defs for Latin Modern
))
File: C:/Users/Yannick.Hoga/AppData/Local/R/win-library/4.3/runidue/rmarkdown/t
emplates/lectureslides/resources/Rlogo.pdf Graphic file (type pdf)
<use C:/Users/Yannick.Hoga/AppData/Local/R/win-library/4.3/runidue/rmarkdown/te
mplates/lectureslides/resources/Rlogo.pdf>
Package pdftex.def Info: C:/Users/Yannick.Hoga/AppData/Local/R/win-library/4.3/
runidue/rmarkdown/templates/lectureslides/resources/Rlogo.pdf  used on input li
ne 2620.
(pdftex.def)             Requested size: 12.05875pt x 9.30756pt.
[96

{C:/Program Files/MiKTeX/fonts/enc/dvips/lm/lm-ts1.enc}]
\openout4 = `MdÖ_WS24.vrb'.

(MdÖ_WS24.vrb
<Resources/Plots/KQinR2-1.pdf, id=1466, 299.6003pt x 175.75963pt>
File: Resources/Plots/KQinR2-1.pdf Graphic file (type pdf)
<use Resources/Plots/KQinR2-1.pdf>
Package pdftex.def Info: Resources/Plots/KQinR2-1.pdf  used on input line 12.
(pdftex.def)             Requested size: 299.59955pt x 175.75919pt.
)
File: C:/Users/Yannick.Hoga/AppData/Local/R/win-library/4.3/runidue/rmarkdown/t
emplates/lectureslides/resources/Rlogo.pdf Graphic file (type pdf)
<use C:/Users/Yannick.Hoga/AppData/Local/R/win-library/4.3/runidue/rmarkdown/te
mplates/lectureslides/resources/Rlogo.pdf>
Package pdftex.def Info: C:/Users/Yannick.Hoga/AppData/Local/R/win-library/4.3/
runidue/rmarkdown/templates/lectureslides/resources/Rlogo.pdf  used on input li
ne 2635.
(pdftex.def)             Requested size: 12.05875pt x 9.30756pt.
[97

 <./Resources/Plots/KQinR2-1.pdf>] [98

] [99

] [100

] [101

]
Overfull \vbox (1.97678pt too high) detected at line 2766
 []

[102

]
<Resources/Plots/RegPlane-1.pdf, id=1538, 299.6003pt x 222.20013pt>
File: Resources/Plots/RegPlane-1.pdf Graphic file (type pdf)
<use Resources/Plots/RegPlane-1.pdf>
Package pdftex.def Info: Resources/Plots/RegPlane-1.pdf  used on input line 277
5.
(pdftex.def)             Requested size: 299.59955pt x 222.19957pt.
File: C:/Users/Yannick.Hoga/AppData/Local/R/win-library/4.3/runidue/rmarkdown/t
emplates/lectureslides/resources/Rlogo.pdf Graphic file (type pdf)
<use C:/Users/Yannick.Hoga/AppData/Local/R/win-library/4.3/runidue/rmarkdown/te
mplates/lectureslides/resources/Rlogo.pdf>
Package pdftex.def Info: C:/Users/Yannick.Hoga/AppData/Local/R/win-library/4.3/
runidue/rmarkdown/templates/lectureslides/resources/Rlogo.pdf  used on input li
ne 2775.
(pdftex.def)             Requested size: 12.05875pt x 9.30756pt.

Overfull \vbox (14.73697pt too high) detected at line 2775
 []

[103

 <./Resources/Plots/RegPlane-1.pdf>] [104

] [105

] [106

] [107

] [108

] [109

]
<Resources/Plots/Illu-1.pdf, id=1648, 299.6003pt x 222.20013pt>
File: Resources/Plots/Illu-1.pdf Graphic file (type pdf)
<use Resources/Plots/Illu-1.pdf>
Package pdftex.def Info: Resources/Plots/Illu-1.pdf  used on input line 2928.
(pdftex.def)             Requested size: 299.59955pt x 222.19957pt.

Overfull \vbox (16.4403pt too high) detected at line 2928
 []

[110

 <./Resources/Plots/Illu-1.pdf>] [111

] [112

] [113

] [114

] [115

] [116

] [117

] [118

] [119

]
LaTeX Font Info:    Font shape `OT1/lmss/b/n' in size <8> not available
(Font)              Font shape `OT1/lmss/bx/n' tried instead on input line 3168
.
LaTeX Font Info:    Font shape `T1/lmss/b/it' in size <8> not available
(Font)              Font shape `T1/lmss/bx/it' tried instead on input line 3168
.
LaTeX Font Info:    Font shape `T1/lmss/bx/it' in size <8> not available
(Font)              Font shape `T1/lmss/bx/sl' tried instead on input line 3168
.
LaTeX Font Info:    Font shape `T1/lmss/b/n' in size <8> not available
(Font)              Font shape `T1/lmss/bx/n' tried instead on input line 3168.

[120

] [121

] (MdÖ_WS24.toc) [122

]
pdfTeX warning (ext4): destination with the same identifier (name{eigenschaften
-von-kq-in-kleinen-stichproben}) has been already used, duplicate ignored
<to be read again> 
                   \relax 
l.3208 \end{frame}
                   [123

] [124

] [125

] [126

] [127

] [128

]
File: C:/Users/Yannick.Hoga/AppData/Local/R/win-library/4.3/runidue/rmarkdown/t
emplates/lectureslides/resources/Rlogo.pdf Graphic file (type pdf)
<use C:/Users/Yannick.Hoga/AppData/Local/R/win-library/4.3/runidue/rmarkdown/te
mplates/lectureslides/resources/Rlogo.pdf>
Package pdftex.def Info: C:/Users/Yannick.Hoga/AppData/Local/R/win-library/4.3/
runidue/rmarkdown/templates/lectureslides/resources/Rlogo.pdf  used on input li
ne 3372.
(pdftex.def)             Requested size: 12.05875pt x 9.30756pt.
[129

]
\openout4 = `MdÖ_WS24.vrb'.

(MdÖ_WS24.vrb)
File: C:/Users/Yannick.Hoga/AppData/Local/R/win-library/4.3/runidue/rmarkdown/t
emplates/lectureslides/resources/Rlogo.pdf Graphic file (type pdf)
<use C:/Users/Yannick.Hoga/AppData/Local/R/win-library/4.3/runidue/rmarkdown/te
mplates/lectureslides/resources/Rlogo.pdf>
Package pdftex.def Info: C:/Users/Yannick.Hoga/AppData/Local/R/win-library/4.3/
runidue/rmarkdown/templates/lectureslides/resources/Rlogo.pdf  used on input li
ne 3397.
(pdftex.def)             Requested size: 12.05875pt x 9.30756pt.
[130

]
<Resources/Plots/Unbiased2-1.pdf, id=1995, 299.6003pt x 191.24048pt>
File: Resources/Plots/Unbiased2-1.pdf Graphic file (type pdf)
<use Resources/Plots/Unbiased2-1.pdf>
Package pdftex.def Info: Resources/Plots/Unbiased2-1.pdf  used on input line 34
04.
(pdftex.def)             Requested size: 299.59955pt x 191.24pt.
File: C:/Users/Yannick.Hoga/AppData/Local/R/win-library/4.3/runidue/rmarkdown/t
emplates/lectureslides/resources/Rlogo.pdf Graphic file (type pdf)
<use C:/Users/Yannick.Hoga/AppData/Local/R/win-library/4.3/runidue/rmarkdown/te
mplates/lectureslides/resources/Rlogo.pdf>
Package pdftex.def Info: C:/Users/Yannick.Hoga/AppData/Local/R/win-library/4.3/
runidue/rmarkdown/templates/lectureslides/resources/Rlogo.pdf  used on input li
ne 3404.
(pdftex.def)             Requested size: 12.05875pt x 9.30756pt.
[131

 <./Resources/Plots/Unbiased2-1.pdf>]
File: C:/Users/Yannick.Hoga/AppData/Local/R/win-library/4.3/runidue/rmarkdown/t
emplates/lectureslides/resources/Rlogo.pdf Graphic file (type pdf)
<use C:/Users/Yannick.Hoga/AppData/Local/R/win-library/4.3/runidue/rmarkdown/te
mplates/lectureslides/resources/Rlogo.pdf>
Package pdftex.def Info: C:/Users/Yannick.Hoga/AppData/Local/R/win-library/4.3/
runidue/rmarkdown/templates/lectureslides/resources/Rlogo.pdf  used on input li
ne 3433.
(pdftex.def)             Requested size: 12.05875pt x 9.30756pt.
[132

]
\openout4 = `MdÖ_WS24.vrb'.

(MdÖ_WS24.vrb)
File: C:/Users/Yannick.Hoga/AppData/Local/R/win-library/4.3/runidue/rmarkdown/t
emplates/lectureslides/resources/Rlogo.pdf Graphic file (type pdf)
<use C:/Users/Yannick.Hoga/AppData/Local/R/win-library/4.3/runidue/rmarkdown/te
mplates/lectureslides/resources/Rlogo.pdf>
Package pdftex.def Info: C:/Users/Yannick.Hoga/AppData/Local/R/win-library/4.3/
runidue/rmarkdown/templates/lectureslides/resources/Rlogo.pdf  used on input li
ne 3458.
(pdftex.def)             Requested size: 12.05875pt x 9.30756pt.
[133

]
<Resources/Plots/Unbiased4-1.pdf, id=2038, 299.6003pt x 191.24048pt>
File: Resources/Plots/Unbiased4-1.pdf Graphic file (type pdf)
<use Resources/Plots/Unbiased4-1.pdf>
Package pdftex.def Info: Resources/Plots/Unbiased4-1.pdf  used on input line 34
65.
(pdftex.def)             Requested size: 299.59955pt x 191.24pt.
File: C:/Users/Yannick.Hoga/AppData/Local/R/win-library/4.3/runidue/rmarkdown/t
emplates/lectureslides/resources/Rlogo.pdf Graphic file (type pdf)
<use C:/Users/Yannick.Hoga/AppData/Local/R/win-library/4.3/runidue/rmarkdown/te
mplates/lectureslides/resources/Rlogo.pdf>
Package pdftex.def Info: C:/Users/Yannick.Hoga/AppData/Local/R/win-library/4.3/
runidue/rmarkdown/templates/lectureslides/resources/Rlogo.pdf  used on input li
ne 3465.
(pdftex.def)             Requested size: 12.05875pt x 9.30756pt.
[134

 <./Resources/Plots/Unbiased4-1.pdf>] [135

] [136

] [137

] [138

] [139

] [140

] [141

]
<Resources/Plots/Heterosk-1.pdf, id=2169, 299.6003pt x 126.2296pt>
File: Resources/Plots/Heterosk-1.pdf Graphic file (type pdf)
<use Resources/Plots/Heterosk-1.pdf>
Package pdftex.def Info: Resources/Plots/Heterosk-1.pdf  used on input line 367
4.
(pdftex.def)             Requested size: 299.59955pt x 126.22928pt.
File: C:/Users/Yannick.Hoga/AppData/Local/R/win-library/4.3/runidue/rmarkdown/t
emplates/lectureslides/resources/Rlogo.pdf Graphic file (type pdf)
<use C:/Users/Yannick.Hoga/AppData/Local/R/win-library/4.3/runidue/rmarkdown/te
mplates/lectureslides/resources/Rlogo.pdf>
Package pdftex.def Info: C:/Users/Yannick.Hoga/AppData/Local/R/win-library/4.3/
runidue/rmarkdown/templates/lectureslides/resources/Rlogo.pdf  used on input li
ne 3674.
(pdftex.def)             Requested size: 12.05875pt x 9.30756pt.

Overfull \vbox (22.90714pt too high) detected at line 3674
 []

[142

 <./Resources/Plots/Heterosk-1.pdf>] [143

] [144

] [145

] [146

] [147

] [148

]
File: C:/Users/Yannick.Hoga/AppData/Local/R/win-library/4.3/runidue/rmarkdown/t
emplates/lectureslides/resources/Rlogo.pdf Graphic file (type pdf)
<use C:/Users/Yannick.Hoga/AppData/Local/R/win-library/4.3/runidue/rmarkdown/te
mplates/lectureslides/resources/Rlogo.pdf>
Package pdftex.def Info: C:/Users/Yannick.Hoga/AppData/Local/R/win-library/4.3/
runidue/rmarkdown/templates/lectureslides/resources/Rlogo.pdf  used on input li
ne 3883.
(pdftex.def)             Requested size: 12.05875pt x 9.30756pt.
[149

]
\openout4 = `MdÖ_WS24.vrb'.

(MdÖ_WS24.vrb
<Resources/Plots/GMT-1.pdf, id=2296, 299.6003pt x 191.24048pt>
File: Resources/Plots/GMT-1.pdf Graphic file (type pdf)
<use Resources/Plots/GMT-1.pdf>
Package pdftex.def Info: Resources/Plots/GMT-1.pdf  used on input line 31.
(pdftex.def)             Requested size: 299.59955pt x 191.24pt.
)
File: C:/Users/Yannick.Hoga/AppData/Local/R/win-library/4.3/runidue/rmarkdown/t
emplates/lectureslides/resources/Rlogo.pdf Graphic file (type pdf)
<use C:/Users/Yannick.Hoga/AppData/Local/R/win-library/4.3/runidue/rmarkdown/te
mplates/lectureslides/resources/Rlogo.pdf>
Package pdftex.def Info: C:/Users/Yannick.Hoga/AppData/Local/R/win-library/4.3/
runidue/rmarkdown/templates/lectureslides/resources/Rlogo.pdf  used on input li
ne 3918.
(pdftex.def)             Requested size: 12.05875pt x 9.30756pt.
[150

]
File: C:/Users/Yannick.Hoga/AppData/Local/R/win-library/4.3/runidue/rmarkdown/t
emplates/lectureslides/resources/Rlogo.pdf Graphic file (type pdf)
<use C:/Users/Yannick.Hoga/AppData/Local/R/win-library/4.3/runidue/rmarkdown/te
mplates/lectureslides/resources/Rlogo.pdf>
Package pdftex.def Info: C:/Users/Yannick.Hoga/AppData/Local/R/win-library/4.3/
runidue/rmarkdown/templates/lectureslides/resources/Rlogo.pdf  used on input li
ne 3918.
(pdftex.def)             Requested size: 12.05875pt x 9.30756pt.
[151


 <./Resources/Plots/GMT-1.pdf>] [152

] [153

] [154

] [155

] [156

] [157

] (MdÖ_WS24.toc) [158

]
pdfTeX warning (ext4): destination with the same identifier (name{eigenschaften
-von-kq-in-grouxdfen-stichproben}) has been already used, duplicate ignored
<to be read again> 
                   \relax 
l.4075 \end{frame}
                   [159

] [160

] [161

]
Overfull \vbox (14.28925pt too high) detected at line 4148
 []

[162

] [163

] [164

] [165

] [166

] [167

]
\openout4 = `MdÖ_WS24.vrb'.

(MdÖ_WS24.vrb
<Resources/Plots/ZGWS-1.pdf, id=2549, 299.6003pt x 206.7203pt>
File: Resources/Plots/ZGWS-1.pdf Graphic file (type pdf)
<use Resources/Plots/ZGWS-1.pdf>
Package pdftex.def Info: Resources/Plots/ZGWS-1.pdf  used on input line 59.
(pdftex.def)             Requested size: 299.59955pt x 206.71979pt.
)
File: C:/Users/Yannick.Hoga/AppData/Local/R/win-library/4.3/runidue/rmarkdown/t
emplates/lectureslides/resources/Rlogo.pdf Graphic file (type pdf)
<use C:/Users/Yannick.Hoga/AppData/Local/R/win-library/4.3/runidue/rmarkdown/te
mplates/lectureslides/resources/Rlogo.pdf>
Package pdftex.def Info: C:/Users/Yannick.Hoga/AppData/Local/R/win-library/4.3/
runidue/rmarkdown/templates/lectureslides/resources/Rlogo.pdf  used on input li
ne 4346.
(pdftex.def)             Requested size: 12.05875pt x 9.30756pt.
[168

]
File: C:/Users/Yannick.Hoga/AppData/Local/R/win-library/4.3/runidue/rmarkdown/t
emplates/lectureslides/resources/Rlogo.pdf Graphic file (type pdf)
<use C:/Users/Yannick.Hoga/AppData/Local/R/win-library/4.3/runidue/rmarkdown/te
mplates/lectureslides/resources/Rlogo.pdf>
Package pdftex.def Info: C:/Users/Yannick.Hoga/AppData/Local/R/win-library/4.3/
runidue/rmarkdown/templates/lectureslides/resources/Rlogo.pdf  used on input li
ne 4346.
(pdftex.def)             Requested size: 12.05875pt x 9.30756pt.
[169


]
File: C:/Users/Yannick.Hoga/AppData/Local/R/win-library/4.3/runidue/rmarkdown/t
emplates/lectureslides/resources/Rlogo.pdf Graphic file (type pdf)
<use C:/Users/Yannick.Hoga/AppData/Local/R/win-library/4.3/runidue/rmarkdown/te
mplates/lectureslides/resources/Rlogo.pdf>
Package pdftex.def Info: C:/Users/Yannick.Hoga/AppData/Local/R/win-library/4.3/
runidue/rmarkdown/templates/lectureslides/resources/Rlogo.pdf  used on input li
ne 4346.
(pdftex.def)             Requested size: 12.05875pt x 9.30756pt.
[170


 <./Resources/Plots/ZGWS-1.pdf>] [171

] [172

] [173

]
Overfull \vbox (3.6602pt too high) detected at line 4426
 []

[174

] [175

]
\openout4 = `MdÖ_WS24.vrb'.

(MdÖ_WS24.vrb
<Resources/Plots/KQ_cons-1.pdf, id=2656, 299.6003pt x 206.7203pt>
File: Resources/Plots/KQ_cons-1.pdf Graphic file (type pdf)
<use Resources/Plots/KQ_cons-1.pdf>
Package pdftex.def Info: Resources/Plots/KQ_cons-1.pdf  used on input line 40.
(pdftex.def)             Requested size: 299.59955pt x 206.71979pt.
)
File: C:/Users/Yannick.Hoga/AppData/Local/R/win-library/4.3/runidue/rmarkdown/t
emplates/lectureslides/resources/Rlogo.pdf Graphic file (type pdf)
<use C:/Users/Yannick.Hoga/AppData/Local/R/win-library/4.3/runidue/rmarkdown/te
mplates/lectureslides/resources/Rlogo.pdf>
Package pdftex.def Info: C:/Users/Yannick.Hoga/AppData/Local/R/win-library/4.3/
runidue/rmarkdown/templates/lectureslides/resources/Rlogo.pdf  used on input li
ne 4481.
(pdftex.def)             Requested size: 12.05875pt x 9.30756pt.
[176

]
File: C:/Users/Yannick.Hoga/AppData/Local/R/win-library/4.3/runidue/rmarkdown/t
emplates/lectureslides/resources/Rlogo.pdf Graphic file (type pdf)
<use C:/Users/Yannick.Hoga/AppData/Local/R/win-library/4.3/runidue/rmarkdown/te
mplates/lectureslides/resources/Rlogo.pdf>
Package pdftex.def Info: C:/Users/Yannick.Hoga/AppData/Local/R/win-library/4.3/
runidue/rmarkdown/templates/lectureslides/resources/Rlogo.pdf  used on input li
ne 4481.
(pdftex.def)             Requested size: 12.05875pt x 9.30756pt.
[177


 <./Resources/Plots/KQ_cons-1.pdf>]
\openout4 = `MdÖ_WS24.vrb'.

(MdÖ_WS24.vrb
<Resources/Plots/KQ_incons-1.pdf, id=2686, 299.6003pt x 206.7203pt>
File: Resources/Plots/KQ_incons-1.pdf Graphic file (type pdf)
<use Resources/Plots/KQ_incons-1.pdf>
Package pdftex.def Info: Resources/Plots/KQ_incons-1.pdf  used on input line 42
.
(pdftex.def)             Requested size: 299.59955pt x 206.71979pt.
)
File: C:/Users/Yannick.Hoga/AppData/Local/R/win-library/4.3/runidue/rmarkdown/t
emplates/lectureslides/resources/Rlogo.pdf Graphic file (type pdf)
<use C:/Users/Yannick.Hoga/AppData/Local/R/win-library/4.3/runidue/rmarkdown/te
mplates/lectureslides/resources/Rlogo.pdf>
Package pdftex.def Info: C:/Users/Yannick.Hoga/AppData/Local/R/win-library/4.3/
runidue/rmarkdown/templates/lectureslides/resources/Rlogo.pdf  used on input li
ne 4527.
(pdftex.def)             Requested size: 12.05875pt x 9.30756pt.
[178

]
File: C:/Users/Yannick.Hoga/AppData/Local/R/win-library/4.3/runidue/rmarkdown/t
emplates/lectureslides/resources/Rlogo.pdf Graphic file (type pdf)
<use C:/Users/Yannick.Hoga/AppData/Local/R/win-library/4.3/runidue/rmarkdown/te
mplates/lectureslides/resources/Rlogo.pdf>
Package pdftex.def Info: C:/Users/Yannick.Hoga/AppData/Local/R/win-library/4.3/
runidue/rmarkdown/templates/lectureslides/resources/Rlogo.pdf  used on input li
ne 4527.
(pdftex.def)             Requested size: 12.05875pt x 9.30756pt.
[179


 <./Resources/Plots/KQ_incons-1.pdf>] [180

] [181

] [182

] [183

] [184

] [185

] [186

]
File: C:/Users/Yannick.Hoga/AppData/Local/R/win-library/4.3/runidue/rmarkdown/t
emplates/lectureslides/resources/Rlogo.pdf Graphic file (type pdf)
<use C:/Users/Yannick.Hoga/AppData/Local/R/win-library/4.3/runidue/rmarkdown/te
mplates/lectureslides/resources/Rlogo.pdf>
Package pdftex.def Info: C:/Users/Yannick.Hoga/AppData/Local/R/win-library/4.3/
runidue/rmarkdown/templates/lectureslides/resources/Rlogo.pdf  used on input li
ne 4718.
(pdftex.def)             Requested size: 12.05875pt x 9.30756pt.
[187

]
\openout4 = `MdÖ_WS24.vrb'.

(MdÖ_WS24.vrb)
File: C:/Users/Yannick.Hoga/AppData/Local/R/win-library/4.3/runidue/rmarkdown/t
emplates/lectureslides/resources/Rlogo.pdf Graphic file (type pdf)
<use C:/Users/Yannick.Hoga/AppData/Local/R/win-library/4.3/runidue/rmarkdown/te
mplates/lectureslides/resources/Rlogo.pdf>
Package pdftex.def Info: C:/Users/Yannick.Hoga/AppData/Local/R/win-library/4.3/
runidue/rmarkdown/templates/lectureslides/resources/Rlogo.pdf  used on input li
ne 4753.
(pdftex.def)             Requested size: 12.05875pt x 9.30756pt.
[188

]
\openout4 = `MdÖ_WS24.vrb'.

(MdÖ_WS24.vrb
<Resources/Plots/InNor2-1.pdf, id=2831, 299.6003pt x 206.7203pt>
File: Resources/Plots/InNor2-1.pdf Graphic file (type pdf)
<use Resources/Plots/InNor2-1.pdf>
Package pdftex.def Info: Resources/Plots/InNor2-1.pdf  used on input line 23.
(pdftex.def)             Requested size: 299.59955pt x 206.71979pt.
)
File: C:/Users/Yannick.Hoga/AppData/Local/R/win-library/4.3/runidue/rmarkdown/t
emplates/lectureslides/resources/Rlogo.pdf Graphic file (type pdf)
<use C:/Users/Yannick.Hoga/AppData/Local/R/win-library/4.3/runidue/rmarkdown/te
mplates/lectureslides/resources/Rlogo.pdf>
Package pdftex.def Info: C:/Users/Yannick.Hoga/AppData/Local/R/win-library/4.3/
runidue/rmarkdown/templates/lectureslides/resources/Rlogo.pdf  used on input li
ne 4779.
(pdftex.def)             Requested size: 12.05875pt x 9.30756pt.
[189

]
File: C:/Users/Yannick.Hoga/AppData/Local/R/win-library/4.3/runidue/rmarkdown/t
emplates/lectureslides/resources/Rlogo.pdf Graphic file (type pdf)
<use C:/Users/Yannick.Hoga/AppData/Local/R/win-library/4.3/runidue/rmarkdown/te
mplates/lectureslides/resources/Rlogo.pdf>
Package pdftex.def Info: C:/Users/Yannick.Hoga/AppData/Local/R/win-library/4.3/
runidue/rmarkdown/templates/lectureslides/resources/Rlogo.pdf  used on input li
ne 4779.
(pdftex.def)             Requested size: 12.05875pt x 9.30756pt.
[190


 <./Resources/Plots/InNor2-1.pdf>] [191

] (MdÖ_WS24.toc) [192

]
pdfTeX warning (ext4): destination with the same identifier (name{inferenz}) ha
s been already used, duplicate ignored
<to be read again> 
                   \relax 
l.4815 \end{frame}
                   [193

] [194

] [195

] [196

] [197

]
<Resources/Plots/Illu_test-1.pdf, id=2930, 299.6003pt x 144.79997pt>
File: Resources/Plots/Illu_test-1.pdf Graphic file (type pdf)
<use Resources/Plots/Illu_test-1.pdf>
Package pdftex.def Info: Resources/Plots/Illu_test-1.pdf  used on input line 49
24.
(pdftex.def)             Requested size: 299.59955pt x 144.79962pt.

Overfull \vbox (14.79033pt too high) detected at line 4924
 []

[198

 <./Resources/Plots/Illu_test-1.pdf>] [199

] [200

] [201

] [202

] [203

] [204

] [205

] [206

] [207

]
<Resources/p_values.png, id=3074, 233.97412pt x 329.73187pt>
File: Resources/p_values.png Graphic file (type png)
<use Resources/p_values.png>
Package pdftex.def Info: Resources/p_values.png  used on input line 5212.
(pdftex.def)             Requested size: 85.35826pt x 120.29326pt.
[208

 <./Resources/p_values.png>] [209

]
<Resources/Plots/pVal-1.pdf, id=3100, 299.6003pt x 175.75963pt>
File: Resources/Plots/pVal-1.pdf Graphic file (type pdf)
<use Resources/Plots/pVal-1.pdf>
Package pdftex.def Info: Resources/Plots/pVal-1.pdf  used on input line 5248.
(pdftex.def)             Requested size: 299.59955pt x 175.75919pt.
[210

 <./Resources/Plots/pVal-1.pdf>] [211

] [212

] [213

] [214

]
Overfull \vbox (10.70505pt too high) detected at line 5367
 []

[215

] [216

] [217

] [218

] [219

]
Overfull \vbox (8.28696pt too high) detected at line 5488
 []

[220

] [221

] [222

] [223

] [224

] [225

] [226

] [227

]
Overfull \hbox (5.49911pt too wide) detected at line 5726
[]
 []

File: C:/Users/Yannick.Hoga/AppData/Local/R/win-library/4.3/runidue/rmarkdown/t
emplates/lectureslides/resources/Rlogo.pdf Graphic file (type pdf)
<use C:/Users/Yannick.Hoga/AppData/Local/R/win-library/4.3/runidue/rmarkdown/te
mplates/lectureslides/resources/Rlogo.pdf>
Package pdftex.def Info: C:/Users/Yannick.Hoga/AppData/Local/R/win-library/4.3/
runidue/rmarkdown/templates/lectureslides/resources/Rlogo.pdf  used on input li
ne 5726.
(pdftex.def)             Requested size: 12.05875pt x 9.30756pt.

Overfull \vbox (12.43135pt too high) detected at line 5726
 []

[228

]
\openout4 = `MdÖ_WS24.vrb'.

(MdÖ_WS24.vrb)
File: C:/Users/Yannick.Hoga/AppData/Local/R/win-library/4.3/runidue/rmarkdown/t
emplates/lectureslides/resources/Rlogo.pdf Graphic file (type pdf)
<use C:/Users/Yannick.Hoga/AppData/Local/R/win-library/4.3/runidue/rmarkdown/te
mplates/lectureslides/resources/Rlogo.pdf>
Package pdftex.def Info: C:/Users/Yannick.Hoga/AppData/Local/R/win-library/4.3/
runidue/rmarkdown/templates/lectureslides/resources/Rlogo.pdf  used on input li
ne 5795.
(pdftex.def)             Requested size: 12.05875pt x 9.30756pt.
[229

]
File: C:/Users/Yannick.Hoga/AppData/Local/R/win-library/4.3/runidue/rmarkdown/t
emplates/lectureslides/resources/Rlogo.pdf Graphic file (type pdf)
<use C:/Users/Yannick.Hoga/AppData/Local/R/win-library/4.3/runidue/rmarkdown/te
mplates/lectureslides/resources/Rlogo.pdf>
Package pdftex.def Info: C:/Users/Yannick.Hoga/AppData/Local/R/win-library/4.3/
runidue/rmarkdown/templates/lectureslides/resources/Rlogo.pdf  used on input li
ne 5795.
(pdftex.def)             Requested size: 12.05875pt x 9.30756pt.
[230


] [231

] [232

] [233

] [234

]
\openout4 = `MdÖ_WS24.vrb'.

(MdÖ_WS24.vrb)
File: C:/Users/Yannick.Hoga/AppData/Local/R/win-library/4.3/runidue/rmarkdown/t
emplates/lectureslides/resources/Rlogo.pdf Graphic file (type pdf)
<use C:/Users/Yannick.Hoga/AppData/Local/R/win-library/4.3/runidue/rmarkdown/te
mplates/lectureslides/resources/Rlogo.pdf>
Package pdftex.def Info: C:/Users/Yannick.Hoga/AppData/Local/R/win-library/4.3/
runidue/rmarkdown/templates/lectureslides/resources/Rlogo.pdf  used on input li
ne 5950.
(pdftex.def)             Requested size: 12.05875pt x 9.30756pt.
[235

] [236

] [237

] [238

] [239

] [240

] [241

]
File: C:/Users/Yannick.Hoga/AppData/Local/R/win-library/4.3/runidue/rmarkdown/t
emplates/lectureslides/resources/Rlogo.pdf Graphic file (type pdf)
<use C:/Users/Yannick.Hoga/AppData/Local/R/win-library/4.3/runidue/rmarkdown/te
mplates/lectureslides/resources/Rlogo.pdf>
Package pdftex.def Info: C:/Users/Yannick.Hoga/AppData/Local/R/win-library/4.3/
runidue/rmarkdown/templates/lectureslides/resources/Rlogo.pdf  used on input li
ne 6131.
(pdftex.def)             Requested size: 8.81216pt x 6.80005pt.
File: C:/Users/Yannick.Hoga/AppData/Local/R/win-library/4.3/runidue/rmarkdown/t
emplates/lectureslides/resources/Rlogo.pdf Graphic file (type pdf)
<use C:/Users/Yannick.Hoga/AppData/Local/R/win-library/4.3/runidue/rmarkdown/te
mplates/lectureslides/resources/Rlogo.pdf>
Package pdftex.def Info: C:/Users/Yannick.Hoga/AppData/Local/R/win-library/4.3/
runidue/rmarkdown/templates/lectureslides/resources/Rlogo.pdf  used on input li
ne 6131.
(pdftex.def)             Requested size: 8.81216pt x 6.80005pt.
[242

]
\openout4 = `MdÖ_WS24.vrb'.

(MdÖ_WS24.vrb)
File: C:/Users/Yannick.Hoga/AppData/Local/R/win-library/4.3/runidue/rmarkdown/t
emplates/lectureslides/resources/Rlogo.pdf Graphic file (type pdf)
<use C:/Users/Yannick.Hoga/AppData/Local/R/win-library/4.3/runidue/rmarkdown/te
mplates/lectureslides/resources/Rlogo.pdf>
Package pdftex.def Info: C:/Users/Yannick.Hoga/AppData/Local/R/win-library/4.3/
runidue/rmarkdown/templates/lectureslides/resources/Rlogo.pdf  used on input li
ne 6159.
(pdftex.def)             Requested size: 8.81216pt x 6.80005pt.
[243

]
<Resources/Plots/CI_Illu2-1.pdf, id=3575, 299.6003pt x 191.24048pt>
File: Resources/Plots/CI_Illu2-1.pdf Graphic file (type pdf)
<use Resources/Plots/CI_Illu2-1.pdf>
Package pdftex.def Info: Resources/Plots/CI_Illu2-1.pdf  used on input line 616
8.
(pdftex.def)             Requested size: 299.59955pt x 191.24pt.
File: C:/Users/Yannick.Hoga/AppData/Local/R/win-library/4.3/runidue/rmarkdown/t
emplates/lectureslides/resources/Rlogo.pdf Graphic file (type pdf)
<use C:/Users/Yannick.Hoga/AppData/Local/R/win-library/4.3/runidue/rmarkdown/te
mplates/lectureslides/resources/Rlogo.pdf>
Package pdftex.def Info: C:/Users/Yannick.Hoga/AppData/Local/R/win-library/4.3/
runidue/rmarkdown/templates/lectureslides/resources/Rlogo.pdf  used on input li
ne 6168.
(pdftex.def)             Requested size: 8.81216pt x 6.80005pt.
[244

 <./Resources/Plots/CI_Illu2-1.pdf>] [245

] [246

] (MdÖ_WS24.toc) [247

]
pdfTeX warning (ext4): destination with the same identifier (name{instrumentvar
iablen}) has been already used, duplicate ignored
<to be read again> 
                   \relax 
l.6222 \end{frame}
                   [248

] [249

] [250

] [251

] [252

] [253

] [254

]
<Resources/Plots/Messfehler-1.pdf, id=3723, 299.6003pt x 191.24048pt>
File: Resources/Plots/Messfehler-1.pdf Graphic file (type pdf)
<use Resources/Plots/Messfehler-1.pdf>
Package pdftex.def Info: Resources/Plots/Messfehler-1.pdf  used on input line 6
407.
(pdftex.def)             Requested size: 299.59955pt x 191.24pt.
[255

 <./Resources/Plots/Messfehler-1.pdf>] [256

]
<Resources/Plots/DS-1.pdf, id=3749, 299.6003pt x 144.79997pt>
File: Resources/Plots/DS-1.pdf Graphic file (type pdf)
<use Resources/Plots/DS-1.pdf>
Package pdftex.def Info: Resources/Plots/DS-1.pdf  used on input line 6455.
(pdftex.def)             Requested size: 299.59955pt x 144.79962pt.

Overfull \vbox (9.50703pt too high) detected at line 6455
 []

[257

 <./Resources/Plots/DS-1.pdf>] [258

] [259

] [260

]
LaTeX Font Info:    Font shape `OT1/lmss/b/n' in size <10.95> not available
(Font)              Font shape `OT1/lmss/bx/n' tried instead on input line 6557
.
LaTeX Font Info:    Font shape `T1/lmss/b/it' in size <10.95> not available
(Font)              Font shape `T1/lmss/bx/it' tried instead on input line 6557
.
LaTeX Font Info:    Font shape `T1/lmss/bx/it' in size <10.95> not available
(Font)              Font shape `T1/lmss/bx/sl' tried instead on input line 6557
.
LaTeX Font Info:    Font shape `T1/lmss/b/n' in size <10.95> not available
(Font)              Font shape `T1/lmss/bx/n' tried instead on input line 6557.

[261

] [262

] [263

] [264

] [265

] [266

] [267

] [268

] [269

] [270

] [271

] [272

]
\openout4 = `MdÖ_WS24.vrb'.

(MdÖ_WS24.vrb
Overfull \hbox (280.54411pt too wide) in paragraph at lines 24--24
[]\T1/lmtt/m/n/7 ## ivreg(formula = lwage76 ~ ed76 + exper + I(exper^2/100) + b
lack +     reg76r + smsa76r | nearc4 + exper + I(exper^2/100) + black +     reg
76r + smsa76r, data = card)[] 
 []

)
File: C:/Users/Yannick.Hoga/AppData/Local/R/win-library/4.3/runidue/rmarkdown/t
emplates/lectureslides/resources/Rlogo.pdf Graphic file (type pdf)
<use C:/Users/Yannick.Hoga/AppData/Local/R/win-library/4.3/runidue/rmarkdown/te
mplates/lectureslides/resources/Rlogo.pdf>
Package pdftex.def Info: C:/Users/Yannick.Hoga/AppData/Local/R/win-library/4.3/
runidue/rmarkdown/templates/lectureslides/resources/Rlogo.pdf  used on input li
ne 6893.
(pdftex.def)             Requested size: 12.05875pt x 9.30756pt.
[273

] [274

] [275

] [276

]
Overfull \vbox (4.02147pt too high) detected at line 6993
 []

[277

] [278

] [279

]
\openout4 = `MdÖ_WS24.vrb'.

(MdÖ_WS24.vrb)
File: C:/Users/Yannick.Hoga/AppData/Local/R/win-library/4.3/runidue/rmarkdown/t
emplates/lectureslides/resources/Rlogo.pdf Graphic file (type pdf)
<use C:/Users/Yannick.Hoga/AppData/Local/R/win-library/4.3/runidue/rmarkdown/te
mplates/lectureslides/resources/Rlogo.pdf>
Package pdftex.def Info: C:/Users/Yannick.Hoga/AppData/Local/R/win-library/4.3/
runidue/rmarkdown/templates/lectureslides/resources/Rlogo.pdf  used on input li
ne 7112.
(pdftex.def)             Requested size: 12.05875pt x 9.30756pt.
[280

]
File: C:/Users/Yannick.Hoga/AppData/Local/R/win-library/4.3/runidue/rmarkdown/t
emplates/lectureslides/resources/Rlogo.pdf Graphic file (type pdf)
<use C:/Users/Yannick.Hoga/AppData/Local/R/win-library/4.3/runidue/rmarkdown/te
mplates/lectureslides/resources/Rlogo.pdf>
Package pdftex.def Info: C:/Users/Yannick.Hoga/AppData/Local/R/win-library/4.3/
runidue/rmarkdown/templates/lectureslides/resources/Rlogo.pdf  used on input li
ne 7112.
(pdftex.def)             Requested size: 12.05875pt x 9.30756pt.
[281


]
File: C:/Users/Yannick.Hoga/AppData/Local/R/win-library/4.3/runidue/rmarkdown/t
emplates/lectureslides/resources/Rlogo.pdf Graphic file (type pdf)
<use C:/Users/Yannick.Hoga/AppData/Local/R/win-library/4.3/runidue/rmarkdown/te
mplates/lectureslides/resources/Rlogo.pdf>
Package pdftex.def Info: C:/Users/Yannick.Hoga/AppData/Local/R/win-library/4.3/
runidue/rmarkdown/templates/lectureslides/resources/Rlogo.pdf  used on input li
ne 7112.
(pdftex.def)             Requested size: 12.05875pt x 9.30756pt.
[282


] [283

] [284

] [285

] [286

] [287

] [288

] [289

] [290

]
File: C:/Users/Yannick.Hoga/AppData/Local/R/win-library/4.3/runidue/rmarkdown/t
emplates/lectureslides/resources/Rlogo.pdf Graphic file (type pdf)
<use C:/Users/Yannick.Hoga/AppData/Local/R/win-library/4.3/runidue/rmarkdown/te
mplates/lectureslides/resources/Rlogo.pdf>
Package pdftex.def Info: C:/Users/Yannick.Hoga/AppData/Local/R/win-library/4.3/
runidue/rmarkdown/templates/lectureslides/resources/Rlogo.pdf  used on input li
ne 7301.
(pdftex.def)             Requested size: 12.05875pt x 9.30756pt.
[291

]
\openout4 = `MdÖ_WS24.vrb'.

(MdÖ_WS24.vrb)
File: C:/Users/Yannick.Hoga/AppData/Local/R/win-library/4.3/runidue/rmarkdown/t
emplates/lectureslides/resources/Rlogo.pdf Graphic file (type pdf)
<use C:/Users/Yannick.Hoga/AppData/Local/R/win-library/4.3/runidue/rmarkdown/te
mplates/lectureslides/resources/Rlogo.pdf>
Package pdftex.def Info: C:/Users/Yannick.Hoga/AppData/Local/R/win-library/4.3/
runidue/rmarkdown/templates/lectureslides/resources/Rlogo.pdf  used on input li
ne 7353.
(pdftex.def)             Requested size: 12.05875pt x 9.30756pt.
[292

]
File: C:/Users/Yannick.Hoga/AppData/Local/R/win-library/4.3/runidue/rmarkdown/t
emplates/lectureslides/resources/Rlogo.pdf Graphic file (type pdf)
<use C:/Users/Yannick.Hoga/AppData/Local/R/win-library/4.3/runidue/rmarkdown/te
mplates/lectureslides/resources/Rlogo.pdf>
Package pdftex.def Info: C:/Users/Yannick.Hoga/AppData/Local/R/win-library/4.3/
runidue/rmarkdown/templates/lectureslides/resources/Rlogo.pdf  used on input li
ne 7353.
(pdftex.def)             Requested size: 12.05875pt x 9.30756pt.
[293


] [294

] [295

] [296

] [297

] [298

] [299

] [300

] [301

] [302

] [303

]
File: C:/Users/Yannick.Hoga/AppData/Local/R/win-library/4.3/runidue/rmarkdown/t
emplates/lectureslides/resources/Rlogo.pdf Graphic file (type pdf)
<use C:/Users/Yannick.Hoga/AppData/Local/R/win-library/4.3/runidue/rmarkdown/te
mplates/lectureslides/resources/Rlogo.pdf>
Package pdftex.def Info: C:/Users/Yannick.Hoga/AppData/Local/R/win-library/4.3/
runidue/rmarkdown/templates/lectureslides/resources/Rlogo.pdf  used on input li
ne 7672.
(pdftex.def)             Requested size: 9.91644pt x 7.65005pt.
[304

] (MdÖ_WS24.toc) [305

]
pdfTeX warning (ext4): destination with the same identifier (name{zusammenfassu
ng-3}) has been already used, duplicate ignored
<to be read again> 
                   \relax 
l.7680 \end{frame}
                   [306

] [307

] [308

] [309

] [310


pdfTeX warning (ext4): destination with the same identifier (name{referenzen}) 
has been already used, duplicate ignored
<argument> ...shipout:D \box_use:N \l_shipout_box 
                                                  \__shipout_drop_firstpage_...
l.7814 \end{frame}
                  ]
\tf@nav=\write8
\openout8 = `MdÖ_WS24.nav'.

\tf@toc=\write9
\openout9 = `MdÖ_WS24.toc'.

\tf@snm=\write10
\openout10 = `MdÖ_WS24.snm'.

(MdÖ_WS24.aux)
 ***********
LaTeX2e <2023-06-01> patch level 1
L3 programming layer <2023-10-10>
 ***********
Package rerunfilecheck Info: File `MdÖ_WS24.out' has not changed.
(rerunfilecheck)             Checksum: 85451D2689A80474D0F1E6C929E15D46;1448.
 ) 
Here is how much of TeX's memory you used:
 48434 strings out of 474823
 1039347 string characters out of 5760749
 1946043 words of memory out of 5000000
 68038 multiletter control sequences out of 15000+600000
 741588 words of font info for 300 fonts, out of 8000000 for 9000
 1141 hyphenation exceptions out of 8191
 128i,31n,133p,1665b,1019s stack positions out of 10000i,1000n,20000p,200000b,200000s

pdfTeX warning (dest): name{eq:Card1} has been referenced but does not exist, r
eplaced by a fixed one

<C:/Program Files/MiKTeX/fonts/type1/public/amsfonts/cm/cmex10.pfb><C:/Program 
Files/MiKTeX/fonts/type1/public/amsfonts/cm/cmmi10.pfb><C:/Program Files/MiKTeX
/fonts/type1/public/amsfonts/cm/cmss10.pfb><C:/Program Files/MiKTeX/fonts/type1
/public/amsfonts/cm/cmss8.pfb><C:/Program Files/MiKTeX/fonts/type1/public/amsfo
nts/cm/cmssbx10.pfb><C:/Program Files/MiKTeX/fonts/type1/public/amsfonts/cm/cms
si10.pfb><C:/Program Files/MiKTeX/fonts/type1/public/amsfonts/cm/cmssi8.pfb><C:
/Program Files/MiKTeX/fonts/type1/public/amsfonts/cm/cmsy10.pfb><C:/Program Fil
es/MiKTeX/fonts/type1/public/lm/lmex10.pfb><C:/Program Files/MiKTeX/fonts/type1
/public/lm/lmmi10.pfb><C:/Program Files/MiKTeX/fonts/type1/public/lm/lmmi6.pfb>
<C:/Program Files/MiKTeX/fonts/type1/public/lm/lmmi8.pfb><C:/Program Files/MiKT
eX/fonts/type1/public/lm/lmmi9.pfb><C:/Program Files/MiKTeX/fonts/type1/public/
lm/lmmib10.pfb><C:/Program Files/MiKTeX/fonts/type1/public/lm/lmmib7.pfb><C:/Pr
ogram Files/MiKTeX/fonts/type1/public/lm/lmr6.pfb><C:/Program Files/MiKTeX/font
s/type1/public/lm/lmr8.pfb><C:/Program Files/MiKTeX/fonts/type1/public/lm/lmr9.
pfb><C:/Program Files/MiKTeX/fonts/type1/public/lm/lmss10.pfb><C:/Program Files
/MiKTeX/fonts/type1/public/lm/lmss8.pfb><C:/Program Files/MiKTeX/fonts/type1/pu
blic/lm/lmss9.pfb><C:/Program Files/MiKTeX/fonts/type1/public/lm/lmssbo10.pfb><
C:/Program Files/MiKTeX/fonts/type1/public/lm/lmssbx10.pfb><C:/Program Files/Mi
KTeX/fonts/type1/public/lm/lmsso10.pfb><C:/Program Files/MiKTeX/fonts/type1/pub
lic/lm/lmsso8.pfb><C:/Program Files/MiKTeX/fonts/type1/public/lm/lmsso9.pfb><C:
/Program Files/MiKTeX/fonts/type1/public/lm/lmsy5.pfb><C:/Program Files/MiKTeX/
fonts/type1/public/lm/lmsy6.pfb><C:/Program Files/MiKTeX/fonts/type1/public/lm/
lmsy8.pfb><C:/Program Files/MiKTeX/fonts/type1/public/lm/lmsy9.pfb><C:/Program 
Files/MiKTeX/fonts/type1/public/lm/lmtk10.pfb><C:/Program Files/MiKTeX/fonts/ty
pe1/public/lm/lmtt8.pfb><C:/Program Files/MiKTeX/fonts/type1/public/lm/lmtt9.pf
b><C:/Program Files/MiKTeX/fonts/type1/public/lm/lmtti10.pfb><C:/Program Files/
MiKTeX/fonts/type1/public/amsfonts/symbols/msam10.pfb><C:/Program Files/MiKTeX/
fonts/type1/public/amsfonts/symbols/msam7.pfb><C:/Program Files/MiKTeX/fonts/ty
pe1/public/amsfonts/symbols/msbm10.pfb><C:/Program Files/MiKTeX/fonts/type1/pub
lic/amsfonts/symbols/msbm7.pfb>
Output written on MdÖ_WS24.pdf (310 pages, 2348755 bytes).
PDF statistics:
 4881 PDF objects out of 5155 (max. 8388607)
 1086 named destinations out of 1200 (max. 500000)
 110879 words of extra memory for PDF output out of 128383 (max. 10000000)

